track_title,word,artist
The Brilliant Dance,painful,dashboard
The Brilliant Dance,buried,dashboard
The Brilliant Dance,empty,dashboard
The Brilliant Dance,loss,dashboard
Screaming Infidelities,missing,dashboard
Screaming Infidelities,avoiding,dashboard
Screaming Infidelities,beast,dashboard
Screaming Infidelities,screaming,dashboard
The Best Deceptions,feeling,dashboard
The Best Deceptions,blood,dashboard
This Ruined Puzzle,ruined,dashboard
This Ruined Puzzle,concerned,dashboard
This Ruined Puzzle,coffin,dashboard
This Ruined Puzzle,buried,dashboard
This Ruined Puzzle,die,dashboard
This Ruined Puzzle,sigh,dashboard
Saints and Sailors,feeling,dashboard
Saints and Sailors,wound,dashboard
Saints and Sailors,awful,dashboard
Saints and Sailors,broken,dashboard
Saints and Sailors,curse,dashboard
The Good Fight,martyr,dashboard
The Good Fight,meaningless,dashboard
The Good Fight,died,dashboard
The Good Fight,rebellion,dashboard
The Good Fight,die,dashboard
The Good Fight,lie,dashboard
The Good Fight,fight,dashboard
Again I Go Unnoticed,feeling,dashboard
Again I Go Unnoticed,empty,dashboard
Again I Go Unnoticed,bear,dashboard
The Places You Have Come to Fear the Most,buried,dashboard
The Places You Have Come to Fear the Most,grave,dashboard
The Places You Have Come to Fear the Most,leave,dashboard
The Places You Have Come to Fear the Most,flee,dashboard
The Places You Have Come to Fear the Most,loneliness,dashboard
This Bitter Pill,choke,dashboard
This Bitter Pill,die,dashboard
This Bitter Pill,awful,dashboard
This Bitter Pill,feeling,dashboard
This Bitter Pill,despair,dashboard
Planet Telex,broken,radiohead
The Bends,falling,radiohead
The Bends,blood,radiohead
The Bends,pain,radiohead
The Bends,scared,radiohead
The Bends,sinking,radiohead
High and Dry,kill,radiohead
High and Dry,broke,radiohead
High and Dry,leave,radiohead
High and Dry,fall,radiohead
High and Dry,hate,radiohead
High and Dry,screaming,radiohead
Fake Plastic Trees,broken,radiohead
Fake Plastic Trees,cracked,radiohead
Fake Plastic Trees,surgery,radiohead
Fake Plastic Trees,feeling,radiohead
Bones,crippled,radiohead
Bones,cracked,radiohead
Bones,feeling,radiohead
Bones,missing,radiohead
Just,hanging,radiohead
Just,sympathy,radiohead
Just,hell,radiohead
My Iron Lung,hell,radiohead
My Iron Lung,pain,radiohead
My Iron Lung,fall,radiohead
My Iron Lung,losing,radiohead
My Iron Lung,waste,radiohead
My Iron Lung,frightened,radiohead
Bullet Proof ... I Wish I Was,stab,radiohead
Bullet Proof ... I Wish I Was,shot,radiohead
Black Star,falling,radiohead
Black Star,killing,radiohead
Sulk,bawl,radiohead
Sulk,fall,radiohead
Street Spirit (Fade Out),feeling,radiohead
Street Spirit (Fade Out),blue,radiohead
Street Spirit (Fade Out),cracked,radiohead
Street Spirit (Fade Out),death,radiohead
Street Spirit (Fade Out),scream,radiohead
Street Spirit (Fade Out),fight,radiohead
Introduction (instructions),aggressive,xxxtentacion
Introduction (instructions),feeling,xxxtentacion
Introduction (instructions),insanity,xxxtentacion
"ALONE, PART 3",hate,xxxtentacion
Moonlight,trippin,xxxtentacion
Moonlight,bad,xxxtentacion
Moonlight,feeling,xxxtentacion
SAD!,afraid,xxxtentacion
SAD!,suicide,xxxtentacion
SAD!,sad,xxxtentacion
SAD!,lonely,xxxtentacion
SAD!,broken,xxxtentacion
SAD!,contentious,xxxtentacion
SAD!,weep,xxxtentacion
SAD!,lost,xxxtentacion
SAD!,torture,xxxtentacion
SAD!,hate,xxxtentacion
SAD!,leave,xxxtentacion
​the remedy for a broken heart (why am I so in love),hate,xxxtentacion
​the remedy for a broken heart (why am I so in love),feelin,xxxtentacion
​the remedy for a broken heart (why am I so in love),fallin,xxxtentacion
Floor 555,feelin,xxxtentacion
Floor 555,shoot,xxxtentacion
Floor 555,die,xxxtentacion
Floor 555,trippin,xxxtentacion
Floor 555,coffin,xxxtentacion
Floor 555,rip,xxxtentacion
Floor 555,leave,xxxtentacion
NUMB,pain,xxxtentacion
​infinity (888) (Ft. Joey Bada$$),gonorrhea,xxxtentacion
​infinity (888) (Ft. Joey Bada$$),feeling,xxxtentacion
​infinity (888) (Ft. Joey Bada$$),razor,xxxtentacion
​infinity (888) (Ft. Joey Bada$$),bang,xxxtentacion
​infinity (888) (Ft. Joey Bada$$),bomb,xxxtentacion
​infinity (888) (Ft. Joey Bada$$),pressure,xxxtentacion
​infinity (888) (Ft. Joey Bada$$),debt,xxxtentacion
​infinity (888) (Ft. Joey Bada$$),murder,xxxtentacion
​infinity (888) (Ft. Joey Bada$$),desert,xxxtentacion
​infinity (888) (Ft. Joey Bada$$),wan,xxxtentacion
​infinity (888) (Ft. Joey Bada$$),pain,xxxtentacion
​infinity (888) (Ft. Joey Bada$$),insane,xxxtentacion
​going down!,feeling,xxxtentacion
​going down!,cancer,xxxtentacion
Pain = BESTFRIEND (Ft. Travis Barker),lost,xxxtentacion
Pain = BESTFRIEND (Ft. Travis Barker),regret,xxxtentacion
Pain = BESTFRIEND (Ft. Travis Barker),feeling,xxxtentacion
Pain = BESTFRIEND (Ft. Travis Barker),cry,xxxtentacion
Pain = BESTFRIEND (Ft. Travis Barker),pain,xxxtentacion
$$$ (Ft. MATT OX),blue,xxxtentacion
$$$ (Ft. MATT OX),doomed,xxxtentacion
$$$ (Ft. MATT OX),trippin,xxxtentacion
SMASH! (Ft. PnB Rock),smash,xxxtentacion
SMASH! (Ft. PnB Rock),lie,xxxtentacion
SMASH! (Ft. PnB Rock),cried,xxxtentacion
SMASH! (Ft. PnB Rock),feeling,xxxtentacion
SMASH! (Ft. PnB Rock),pain,xxxtentacion
SMASH! (Ft. PnB Rock),insane,xxxtentacion
"I don't even speak spanish lol (Ft. Carlos Andrez, Judah & Rio Santana)",feeling,xxxtentacion
"I don't even speak spanish lol (Ft. Carlos Andrez, Judah & Rio Santana)",moan,xxxtentacion
​changes (Ft. PnB Rock),damage,xxxtentacion
​changes (Ft. PnB Rock),feeling,xxxtentacion
Hope,lost,xxxtentacion
Hope,shooting,xxxtentacion
Hope,cryin,xxxtentacion
Hope,kill,xxxtentacion
Hope,die,xxxtentacion
Hope,riot,xxxtentacion
Hope,feelin,xxxtentacion
Hope,hate,xxxtentacion
Hope,misery,xxxtentacion
​schizophrenia,mad,xxxtentacion
​schizophrenia,fight,xxxtentacion
Two®,lie,liluzivert
444+222,yell,liluzivert
444+222,fight,liluzivert
444+222,leave,liluzivert
444+222,hate,liluzivert
Sauce It Up,feeling,liluzivert
Sauce It Up,flu,liluzivert
Sauce It Up,wan,liluzivert
Sauce It Up,hurt,liluzivert
Sauce It Up,swerve,liluzivert
Sauce It Up,bad,liluzivert
No Sleep Leak,broke,liluzivert
No Sleep Leak,blue,liluzivert
No Sleep Leak,lie,liluzivert
No Sleep Leak,struggle,liluzivert
No Sleep Leak,pain,liluzivert
No Sleep Leak,feeling,liluzivert
No Sleep Leak,crash,liluzivert
The Way Life Goes (Ft. Oh Wonder),rat,liluzivert
The Way Life Goes (Ft. Oh Wonder),insane,liluzivert
The Way Life Goes (Ft. Oh Wonder),death,liluzivert
The Way Life Goes (Ft. Oh Wonder),sad,liluzivert
The Way Life Goes (Ft. Oh Wonder),pain,liluzivert
The Way Life Goes (Ft. Oh Wonder),broke,liluzivert
For Real,leave,liluzivert
For Real,tear,liluzivert
For Real,steal,liluzivert
Feelings Mutual,feeling,liluzivert
Feelings Mutual,hurt,liluzivert
Feelings Mutual,pain,liluzivert
Feelings Mutual,curse,liluzivert
Feelings Mutual,hearse,liluzivert
Feelings Mutual,swerve,liluzivert
Feelings Mutual,hurtin,liluzivert
Feelings Mutual,worried,liluzivert
Feelings Mutual,hate,liluzivert
Feelings Mutual,bad,liluzivert
Feelings Mutual,murder,liluzivert
Neon Guts (Ft. Pharrell Williams),alien,liluzivert
Neon Guts (Ft. Pharrell Williams),shooter,liluzivert
Neon Guts (Ft. Pharrell Williams),moody,liluzivert
Neon Guts (Ft. Pharrell Williams),bad,liluzivert
Neon Guts (Ft. Pharrell Williams),blue,liluzivert
Neon Guts (Ft. Pharrell Williams),kill,liluzivert
Neon Guts (Ft. Pharrell Williams),witch,liluzivert
Neon Guts (Ft. Pharrell Williams),dark,liluzivert
Neon Guts (Ft. Pharrell Williams),sick,liluzivert
Neon Guts (Ft. Pharrell Williams),lightning,liluzivert
Neon Guts (Ft. Pharrell Williams),devil,liluzivert
Early 20 Rager,feeling,liluzivert
Early 20 Rager,mafia,liluzivert
UnFazed (Ft. The Weeknd),bad,liluzivert
UnFazed (Ft. The Weeknd),disappear,liluzivert
UnFazed (Ft. The Weeknd),losin,liluzivert
UnFazed (Ft. The Weeknd),mad,liluzivert
Pretty Mami,stunned,liluzivert
Pretty Mami,hate,liluzivert
Pretty Mami,bad,liluzivert
Pretty Mami,leave,liluzivert
Pretty Mami,relapse,liluzivert
Pretty Mami,broke,liluzivert
How to Talk,fall,liluzivert
How to Talk,evil,liluzivert
How to Talk,worried,liluzivert
How to Talk,die,liluzivert
How to Talk,mad,liluzivert
How to Talk,flood,liluzivert
X,thug,liluzivert
X,stress,liluzivert
X,wrecked,liluzivert
X,feeling,liluzivert
X,hurt,liluzivert
X,scared,liluzivert
X,lose,liluzivert
X,mistake,liluzivert
Malfunction,die,liluzivert
Malfunction,miss,liluzivert
Malfunction,hurt,liluzivert
Malfunction,broke,liluzivert
Malfunction,lowest,liluzivert
Malfunction,lose,liluzivert
Malfunction,shoot,liluzivert
Malfunction,death,liluzivert
Malfunction,reject,liluzivert
Dark Queen,lose,liluzivert
Dark Queen,hurt,liluzivert
Dark Queen,worse,liluzivert
Dark Queen,shootin,liluzivert
XO TOUR Llif3,fallin,liluzivert
XO TOUR Llif3,cry,liluzivert
XO TOUR Llif3,afraid,liluzivert
XO TOUR Llif3,die,liluzivert
XO TOUR Llif3,death,liluzivert
XO TOUR Llif3,phantom,liluzivert
XO TOUR Llif3,mad,liluzivert
XO TOUR Llif3,tear,liluzivert
XO TOUR Llif3,leave,liluzivert
XO TOUR Llif3,insane,liluzivert
XO TOUR Llif3,pain,liluzivert
XO TOUR Llif3,feeling,liluzivert
XO TOUR Llif3,beg,liluzivert
Skir Skirr,bad,liluzivert
Skir Skirr,worse,liluzivert
Skir Skirr,swerve,liluzivert
Skir Skirr,tear,liluzivert
Skir Skirr,missing,liluzivert
Skir Skirr,hearse,liluzivert
Skir Skirr,shoot,liluzivert
Loaded,lost,liluzivert
Diamonds All On My Wrist,flood,liluzivert
Diamonds All On My Wrist,blood,liluzivert
Diamonds All On My Wrist,war,liluzivert
Diamonds All On My Wrist,fuss,liluzivert
Diamonds All On My Wrist,hate,liluzivert
20 Min,slaughter,liluzivert
20 Min,mad,liluzivert
20 Min,leave,liluzivert
20 Min,gun,liluzivert
20 Min,targetin,liluzivert
20 Min,emergency,liluzivert
20 Min,urgency,liluzivert
All Girls Are the Same,broke,juicewrld
All Girls Are the Same,sorrow,juicewrld
All Girls Are the Same,jealousy,juicewrld
All Girls Are the Same,agony,juicewrld
All Girls Are the Same,feeling,juicewrld
All Girls Are the Same,devil,juicewrld
All Girls Are the Same,insane,juicewrld
All Girls Are the Same,drown,juicewrld
All Girls Are the Same,losin,juicewrld
All Girls Are the Same,trippin,juicewrld
All Girls Are the Same,wastin,juicewrld
All Girls Are the Same,dyin,juicewrld
Lucid Dreams,hate,juicewrld
Lucid Dreams,falling,juicewrld
Lucid Dreams,grave,juicewrld
Lucid Dreams,death,juicewrld
Lucid Dreams,feeling,juicewrld
Lucid Dreams,leave,juicewrld
Lucid Dreams,evil,juicewrld
Lucid Dreams,ache,juicewrld
Lean Wit Me,devil,juicewrld
Lean Wit Me,die,juicewrld
Lean Wit Me,bad,juicewrld
Lean Wit Me,hate,juicewrld
Lean Wit Me,feeling,juicewrld
Wasted (Ft. Lil Uzi Vert),feeling,juicewrld
Wasted (Ft. Lil Uzi Vert),waste,juicewrld
Wasted (Ft. Lil Uzi Vert),demonic,juicewrld
Wasted (Ft. Lil Uzi Vert),chronic,juicewrld
Wasted (Ft. Lil Uzi Vert),omen,juicewrld
Wasted (Ft. Lil Uzi Vert),funeral,juicewrld
Wasted (Ft. Lil Uzi Vert),bum,juicewrld
Wasted (Ft. Lil Uzi Vert),blue,juicewrld
Wasted (Ft. Lil Uzi Vert),hate,juicewrld
I'm Still,depression,juicewrld
I'm Still,broken,juicewrld
I'm Still,hidin,juicewrld
I'm Still,feeling,juicewrld
I'm Still,fell,juicewrld
I'm Still,buried,juicewrld
I'm Still,tomb,juicewrld
I'm Still,doom,juicewrld
I'm Still,lost,juicewrld
I'm Still,lose,juicewrld
Candles,insecure,juicewrld
Candles,hell,juicewrld
Candles,leave,juicewrld
Candles,kill,juicewrld
Candles,hate,juicewrld
Candles,devil,juicewrld
Candles,heartbreaking,juicewrld
Candles,pain,juicewrld
Candles,feeling,juicewrld
Candles,screaming,juicewrld
Candles,bad,juicewrld
Candles,crash,juicewrld
Scared of Love,scared,juicewrld
Scared of Love,grave,juicewrld
Scared of Love,feelin,juicewrld
Scared of Love,upset,juicewrld
Scared of Love,stressed,juicewrld
Scared of Love,hurt,juicewrld
Scared of Love,hell,juicewrld
Scared of Love,coffin,juicewrld
Scared of Love,death,juicewrld
Used To,hurt,juicewrld
Used To,bad,juicewrld
Used To,abuse,juicewrld
Used To,sorrow,juicewrld
Used To,bury,juicewrld
Used To,die,juicewrld
Used To,regret,juicewrld
Hurt Me,crash,juicewrld
Hurt Me,hurt,juicewrld
Hurt Me,worried,juicewrld
Hurt Me,screaming,juicewrld
Hurt Me,bad,juicewrld
Black & White,hell,juicewrld
Black & White,hurt,juicewrld
Black & White,feeling,juicewrld
Black & White,surgery,juicewrld
Black & White,lion,juicewrld
Long Gone,leave,juicewrld
Long Gone,miss,juicewrld
Long Gone,sorrow,juicewrld
Long Gone,sadness,juicewrld
Long Gone,depressing,juicewrld
Long Gone,heartbreak,juicewrld
Long Gone,devil,juicewrld
Long Gone,failing,juicewrld
Long Gone,bad,juicewrld
Long Gone,feeling,juicewrld
Long Gone,helpless,juicewrld
Long Gone,scared,juicewrld
Long Gone,fall,juicewrld
Long Gone,lonely,juicewrld
End of the Road,suicidal,juicewrld
End of the Road,coma,juicewrld
End of the Road,lonely,juicewrld
End of the Road,rob,juicewrld
End of the Road,shootin,juicewrld
End of the Road,losing,juicewrld
End of the Road,coffin,juicewrld
I'll Be Fine,die,juicewrld
I'll Be Fine,killing,juicewrld
I'll Be Fine,worry,juicewrld
I'll Be Fine,mob,juicewrld
I'll Be Fine,drown,juicewrld
I'll Be Fine,blood,juicewrld
Benz Truck (Гелик),hate,lilpeep
Save That Shit,sick,lilpeep
Save That Shit,sad,lilpeep
Save That Shit,scared,lilpeep
Save That Shit,lonely,lilpeep
Awful Things (Ft. Tracy),awful,lilpeep
Awful Things (Ft. Tracy),fall,lilpeep
Awful Things (Ft. Tracy),scream,lilpeep
U Said,pain,lilpeep
U Said,hate,lilpeep
U Said,feeling,lilpeep
U Said,abuse,lilpeep
U Said,blood,lilpeep
Better Off (Dying),hidin,lilpeep
Better Off (Dying),cry,lilpeep
Better Off (Dying),dying,lilpeep
Better Off (Dying),dyin,lilpeep
​The Brightside,haunt,lilpeep
​The Brightside,die,lilpeep
Problems,devil,lilpeep
Problems,revolver,lilpeep
Problems,lose,lilpeep
Paranoid,anxiety,postmalone
Paranoid,paranoid,postmalone
Paranoid,feeling,postmalone
Paranoid,broke,postmalone
Paranoid,die,postmalone
Paranoid,escape,postmalone
Paranoid,killin,postmalone
Spoil My Night (Ft. Swae Lee),lost,postmalone
Rich & Sad,fiend,postmalone
Rich & Sad,vanished,postmalone
Zack and Codeine,feeling,postmalone
Zack and Codeine,leave,postmalone
Zack and Codeine,ragin,postmalone
Takin' Shots,losin,postmalone
​​rockstar (Ft. 21 Savage),feeling,postmalone
​​rockstar (Ft. 21 Savage),fire,postmalone
​​rockstar (Ft. 21 Savage),leave,postmalone
​​rockstar (Ft. 21 Savage),feelin,postmalone
​​rockstar (Ft. 21 Savage),bad,postmalone
​​rockstar (Ft. 21 Savage),screamin,postmalone
​​rockstar (Ft. 21 Savage),smash,postmalone
Over Now,leave,postmalone
Over Now,apologize,postmalone
Over Now,offended,postmalone
Over Now,ghost,postmalone
Over Now,death,postmalone
Over Now,crazy,postmalone
Psycho (Ft. Ty Dolla $ign),bad,postmalone
Better Now,broken,postmalone
Ball For Me (Ft. Nicki Minaj),bad,postmalone
Ball For Me (Ft. Nicki Minaj),fall,postmalone
Ball For Me (Ft. Nicki Minaj),jaws,postmalone
Ball For Me (Ft. Nicki Minaj),mad,postmalone
Otherside,feeling,postmalone
Otherside,hell,postmalone
Otherside,hurt,postmalone
Otherside,death,postmalone
Otherside,lost,postmalone
Otherside,nightmares,postmalone
Otherside,losin,postmalone
Otherside,losing,postmalone
Stay,misery,postmalone
Stay,hell,postmalone
Stay,lose,postmalone
Stay,pain,postmalone
Blame It On Me,drown,postmalone
Blame It On Me,hurricanes,postmalone
Blame It On Me,pain,postmalone
Blame It On Me,fault,postmalone
Blame It On Me,lost,postmalone
Blame It On Me,impossible,postmalone
Blame It On Me,death,postmalone
Same Bitches (Ft. G-Eazy & YG),broken,postmalone
Same Bitches (Ft. G-Eazy & YG),devil,postmalone
Same Bitches (Ft. G-Eazy & YG),beast,postmalone
Jonestown (Interlude),suicide,postmalone
92 Explorer,lockup,postmalone
92 Explorer,broke,postmalone
92 Explorer,lost,postmalone
Candy Paint,crazy,postmalone
Candy Paint,war,postmalone
Candy Paint,suicide,postmalone
Candy Paint,vanished,postmalone
Sugar Wraith,die,postmalone
Sugar Wraith,sucks,postmalone
Sugar Wraith,feeling,postmalone
Sugar Wraith,broke,postmalone
Sugar Wraith,fiend,postmalone
Sugar Wraith,mad,postmalone
Sugar Wraith,lawyer,postmalone
Sugar Wraith,feelin,postmalone
Survival,disorder,drake
Survival,broken,drake
Survival,possession,drake
Survival,bad,drake
Survival,fell,drake
Survival,die,drake
Survival,death,drake
Survival,dark,drake
Survival,feelin,drake
Nonstop,scared,drake
Nonstop,dark,drake
Nonstop,unforgivin,drake
Nonstop,grave,drake
Nonstop,mournin,drake
Nonstop,crazy,drake
Nonstop,offense,drake
Nonstop,revenge,drake
Elevate,lonely,drake
Elevate,contagious,drake
Emotionless,feeling,drake
Emotionless,bad,drake
Emotionless,worse,drake
Emotionless,rip,drake
Emotionless,missin,drake
Emotionless,afraid,drake
Emotionless,pain,drake
Emotionless,complain,drake
Emotionless,cryin,drake
Emotionless,leave,drake
Emotionless,hidin,drake
Emotionless,empty,drake
Emotionless,exhausted,drake
God's Plan,struggle,drake
God's Plan,die,drake
God's Plan,miss,drake
God's Plan,feeling,drake
God's Plan,bad,drake
I'm Upset,dyin,drake
I'm Upset,upset,drake
I'm Upset,offended,drake
I'm Upset,blood,drake
I'm Upset,possessed,drake
I'm Upset,shoot,drake
I'm Upset,shootin,drake
I'm Upset,death,drake
I'm Upset,feeling,drake
I'm Upset,waste,drake
I'm Upset,hate,drake
8 Out of 10,kill,drake
8 Out of 10,goodbye,drake
8 Out of 10,miss,drake
8 Out of 10,mad,drake
8 Out of 10,leave,drake
Mob Ties,sick,drake
Mob Ties,mob,drake
Mob Ties,coffin,drake
Can't Take a Joke,blast,drake
Can't Take a Joke,feeling,drake
Can't Take a Joke,skid,drake
Can't Take a Joke,killin,drake
Can't Take a Joke,accident,drake
Sandra's Rose,steal,drake
Sandra's Rose,feeling,drake
Sandra's Rose,scared,drake
Sandra's Rose,shoot,drake
Sandra's Rose,casket,drake
Sandra's Rose,prison,drake
Sandra's Rose,miss,drake
Sandra's Rose,hell,drake
Sandra's Rose,crime,drake
Sandra's Rose,spoiler,drake
Sandra's Rose,tragic,drake
Sandra's Rose,bury,drake
Talk Up (Ft. JAY-Z),trippin,drake
Talk Up (Ft. JAY-Z),fell,drake
Talk Up (Ft. JAY-Z),lost,drake
Is There More,cryin,drake
Is There More,hell,drake
Is There More,lose,drake
Is There More,doubt,drake
Is There More,bad,drake
Is There More,feeling,drake
Is There More,die,drake
Is There More,missin,drake
Is There More,feelin,drake
Is There More,shot,drake
Peak,missin,drake
Summer Games,wastin,drake
Summer Games,lie,drake
Jaded,hurt,drake
Jaded,leave,drake
Jaded,hurting,drake
Jaded,dangerous,drake
Jaded,shameful,drake
Jaded,crazy,drake
Nice for What,cry,drake
Nice for What,die,drake
Nice for What,bad,drake
Nice for What,stressin,drake
Nice for What,dark,drake
Nice for What,mad,drake
Nice for What,breakdown,drake
Finesse,lie,drake
Ratchet Happy Birthday,feeling,drake
Ratchet Happy Birthday,emptiness,drake
Ratchet Happy Birthday,miss,drake
That's How You Feel,die,drake
That's How You Feel,miss,drake
That's How You Feel,feeling,drake
That's How You Feel,broken,drake
Blue Tint,hate,drake
Blue Tint,fight,drake
Blue Tint,blue,drake
In My Feelings,leave,drake
In My Feelings,feeling,drake
In My Feelings,kill,drake
In My Feelings,bad,drake
In My Feelings,miss,drake
Don't Matter to Me by Drake & Michael Jackson,feeling,drake
Don't Matter to Me by Drake & Michael Jackson,jeopardize,drake
Don't Matter to Me by Drake & Michael Jackson,stressin,drake
Don't Matter to Me by Drake & Michael Jackson,broke,drake
After Dark (Ft. Static Major & Ty Dolla $ign),dark,drake
After Dark (Ft. Static Major & Ty Dolla $ign),missin,drake
After Dark (Ft. Static Major & Ty Dolla $ign),broke,drake
After Dark (Ft. Static Major & Ty Dolla $ign),bad,drake
After Dark (Ft. Static Major & Ty Dolla $ign),lie,drake
After Dark (Ft. Static Major & Ty Dolla $ign),ghost,drake
After Dark (Ft. Static Major & Ty Dolla $ign),khan,drake
Final Fantasy,attack,drake
Final Fantasy,nasty,drake
Final Fantasy,evil,drake
Final Fantasy,apocalypse,drake
March 14,crazy,drake
March 14,hate,drake
March 14,worry,drake
March 14,death,drake
March 14,empty,drake
March 14,cuttin,drake
March 14,feelin,drake
March 14,cry,drake
March 14,pain,drake
We Don't Care,broke,kanye college_dropout
We Don't Care,forced,kanye college_dropout
We Don't Care,scream,kanye college_dropout
We Don't Care,sad,kanye college_dropout
We Don't Care,abandoned,kanye college_dropout
We Don't Care,ambulance,kanye college_dropout
We Don't Care,feeling,kanye college_dropout
Graduation Day,kill,kanye college_dropout
All Falls Down (Ft. Syleena Johnson),pressure,kanye college_dropout
All Falls Down (Ft. Syleena Johnson),crazy,kanye college_dropout
All Falls Down (Ft. Syleena Johnson),lowest,kanye college_dropout
All Falls Down (Ft. Syleena Johnson),hate,kanye college_dropout
All Falls Down (Ft. Syleena Johnson),police,kanye college_dropout
All Falls Down (Ft. Syleena Johnson),jail,kanye college_dropout
I'll Fly Away,die,kanye college_dropout
Spaceship (Ft. Consequence & GLC),fault,kanye college_dropout
Spaceship (Ft. Consequence & GLC),struggle,kanye college_dropout
Spaceship (Ft. Consequence & GLC),mob,kanye college_dropout
Spaceship (Ft. Consequence & GLC),lost,kanye college_dropout
Spaceship (Ft. Consequence & GLC),leave,kanye college_dropout
Spaceship (Ft. Consequence & GLC),fall,kanye college_dropout
Spaceship (Ft. Consequence & GLC),police,kanye college_dropout
Spaceship (Ft. Consequence & GLC),pressure,kanye college_dropout
Spaceship (Ft. Consequence & GLC),catastrophe,kanye college_dropout
Jesus Walks,war,kanye college_dropout
Jesus Walks,terrorism,kanye college_dropout
Jesus Walks,devil,kanye college_dropout
Jesus Walks,death,kanye college_dropout
Jesus Walks,leave,kanye college_dropout
Jesus Walks,afraid,kanye college_dropout
Jesus Walks,feeling,kanye college_dropout
Jesus Walks,hell,kanye college_dropout
Jesus Walks,weary,kanye college_dropout
Jesus Walks,extinct,kanye college_dropout
Jesus Walks,screamin,kanye college_dropout
Never Let Me Down (Ft. JAY-Z & J. Ivy),blood,kanye college_dropout
Never Let Me Down (Ft. JAY-Z & J. Ivy),feelin,kanye college_dropout
Never Let Me Down (Ft. JAY-Z & J. Ivy),sad,kanye college_dropout
Never Let Me Down (Ft. JAY-Z & J. Ivy),complain,kanye college_dropout
Never Let Me Down (Ft. JAY-Z & J. Ivy),accident,kanye college_dropout
Never Let Me Down (Ft. JAY-Z & J. Ivy),die,kanye college_dropout
Never Let Me Down (Ft. JAY-Z & J. Ivy),delirious,kanye college_dropout
Never Let Me Down (Ft. JAY-Z & J. Ivy),expose,kanye college_dropout
Never Let Me Down (Ft. JAY-Z & J. Ivy),mental,kanye college_dropout
Never Let Me Down (Ft. JAY-Z & J. Ivy),cliff,kanye college_dropout
Never Let Me Down (Ft. JAY-Z & J. Ivy),confined,kanye college_dropout
Never Let Me Down (Ft. JAY-Z & J. Ivy),falling,kanye college_dropout
Get Em High (Ft. Common & Talib Kweli),losin,kanye college_dropout
Get Em High (Ft. Common & Talib Kweli),swerve,kanye college_dropout
Get Em High (Ft. Common & Talib Kweli),kill,kanye college_dropout
Get Em High (Ft. Common & Talib Kweli),hell,kanye college_dropout
Get Em High (Ft. Common & Talib Kweli),feelin,kanye college_dropout
Get Em High (Ft. Common & Talib Kweli),bomb,kanye college_dropout
Get Em High (Ft. Common & Talib Kweli),apologize,kanye college_dropout
Get Em High (Ft. Common & Talib Kweli),inconsiderate,kanye college_dropout
Get Em High (Ft. Common & Talib Kweli),doomed,kanye college_dropout
Get Em High (Ft. Common & Talib Kweli),abuse,kanye college_dropout
Get Em High (Ft. Common & Talib Kweli),death,kanye college_dropout
Get Em High (Ft. Common & Talib Kweli),sick,kanye college_dropout
Get Em High (Ft. Common & Talib Kweli),crash,kanye college_dropout
The New Workout Plan,scary,kanye college_dropout
The New Workout Plan,miss,kanye college_dropout
The New Workout Plan,feeling,kanye college_dropout
The New Workout Plan,kill,kanye college_dropout
The New Workout Plan,broke,kanye college_dropout
Slow Jamz (Ft. Jamie Foxx & Twista),feelin,kanye college_dropout
Slow Jamz (Ft. Jamie Foxx & Twista),feeling,kanye college_dropout
Slow Jamz (Ft. Jamie Foxx & Twista),dark,kanye college_dropout
Slow Jamz (Ft. Jamie Foxx & Twista),freak,kanye college_dropout
Slow Jamz (Ft. Jamie Foxx & Twista),fire,kanye college_dropout
Slow Jamz (Ft. Jamie Foxx & Twista),thug,kanye college_dropout
Breathe In Breathe Out (Ft. Ludacris),fight,kanye college_dropout
Breathe In Breathe Out (Ft. Ludacris),desert,kanye college_dropout
Breathe In Breathe Out (Ft. Ludacris),broke,kanye college_dropout
Breathe In Breathe Out (Ft. Ludacris),hell,kanye college_dropout
Breathe In Breathe Out (Ft. Ludacris),crash,kanye college_dropout
Breathe In Breathe Out (Ft. Ludacris),leave,kanye college_dropout
School Spirit,hate,kanye college_dropout
School Spirit,death,kanye college_dropout
School Spirit,feeling,kanye college_dropout
"Two Words (Ft. The Boys Choir of Harlem, Freeway & Yasiin Bey)",death,kanye college_dropout
"Two Words (Ft. The Boys Choir of Harlem, Freeway & Yasiin Bey)",jail,kanye college_dropout
"Two Words (Ft. The Boys Choir of Harlem, Freeway & Yasiin Bey)",ghetto,kanye college_dropout
"Two Words (Ft. The Boys Choir of Harlem, Freeway & Yasiin Bey)",gun,kanye college_dropout
"Two Words (Ft. The Boys Choir of Harlem, Freeway & Yasiin Bey)",die,kanye college_dropout
"Two Words (Ft. The Boys Choir of Harlem, Freeway & Yasiin Bey)",crazy,kanye college_dropout
"Two Words (Ft. The Boys Choir of Harlem, Freeway & Yasiin Bey)",screamin,kanye college_dropout
"Two Words (Ft. The Boys Choir of Harlem, Freeway & Yasiin Bey)",brawl,kanye college_dropout
"Two Words (Ft. The Boys Choir of Harlem, Freeway & Yasiin Bey)",leave,kanye college_dropout
"Two Words (Ft. The Boys Choir of Harlem, Freeway & Yasiin Bey)",blue,kanye college_dropout
Through the Wire,fire,kanye college_dropout
Through the Wire,risk,kanye college_dropout
Through the Wire,death,kanye college_dropout
Through the Wire,feeling,kanye college_dropout
Through the Wire,worry,kanye college_dropout
Through the Wire,console,kanye college_dropout
Through the Wire,scared,kanye college_dropout
Through the Wire,hell,kanye college_dropout
Through the Wire,hospital,kanye college_dropout
Through the Wire,died,kanye college_dropout
Through the Wire,blood,kanye college_dropout
Through the Wire,apologize,kanye college_dropout
Through the Wire,surgery,kanye college_dropout
Through the Wire,ill,kanye college_dropout
Through the Wire,bad,kanye college_dropout
Through the Wire,sue,kanye college_dropout
Through the Wire,lawyer,kanye college_dropout
Through the Wire,accident,kanye college_dropout
Through the Wire,ghost,kanye college_dropout
Through the Wire,tragedy,kanye college_dropout
Family Business,hate,kanye college_dropout
Family Business,feeling,kanye college_dropout
Family Business,jail,kanye college_dropout
Last Call,infectious,kanye college_dropout
Last Call,feeling,kanye college_dropout
Last Call,kill,kanye college_dropout
Last Call,killin,kanye college_dropout
Last Call,ghost,kanye college_dropout
Last Call,crazy,kanye college_dropout
Last Call,chronic,kanye college_dropout
Last Call,bad,kanye college_dropout
Last Call,leave,kanye college_dropout
I Thought About Killing You,killing,kanye ye
I Thought About Killing You,premeditated,kanye ye
I Thought About Killing You,murder,kanye ye
I Thought About Killing You,kill,kanye ye
I Thought About Killing You,bad,kanye ye
I Thought About Killing You,hurt,kanye ye
I Thought About Killing You,died,kanye ye
I Thought About Killing You,die,kanye ye
I Thought About Killing You,slave,kanye ye
I Thought About Killing You,broke,kanye ye
I Thought About Killing You,hate,kanye ye
I Thought About Killing You,fire,kanye ye
Yikes,menacin,kanye ye
Yikes,frightenin,kanye ye
Yikes,scare,kanye ye
Yikes,died,kanye ye
Yikes,hospital,kanye ye
Yikes,bad,kanye ye
Yikes,leave,kanye ye
Yikes,shot,kanye ye
Yikes,smash,kanye ye
Yikes,feeling,kanye ye
Yikes,warn,kanye ye
Yikes,devil,kanye ye
Yikes,harm,kanye ye
Yikes,disability,kanye ye
All Mine (Ft. Ant Clemons),lose,kanye ye
All Mine (Ft. Ant Clemons),crazy,kanye ye
All Mine (Ft. Ant Clemons),fell,kanye ye
All Mine (Ft. Ant Clemons),cry,kanye ye
All Mine (Ft. Ant Clemons),scandal,kanye ye
All Mine (Ft. Ant Clemons),stormy,kanye ye
All Mine (Ft. Ant Clemons),leave,kanye ye
All Mine (Ft. Ant Clemons),waste,kanye ye
Wouldn't Leave (Ft. PARTYNEXTDOOR),feeling,kanye ye
Wouldn't Leave (Ft. PARTYNEXTDOOR),slavery,kanye ye
Wouldn't Leave (Ft. PARTYNEXTDOOR),screamin,kanye ye
Wouldn't Leave (Ft. PARTYNEXTDOOR),lose,kanye ye
Wouldn't Leave (Ft. PARTYNEXTDOOR),leave,kanye ye
Wouldn't Leave (Ft. PARTYNEXTDOOR),mental,kanye ye
Wouldn't Leave (Ft. PARTYNEXTDOOR),hate,kanye ye
Wouldn't Leave (Ft. PARTYNEXTDOOR),miss,kanye ye
Wouldn't Leave (Ft. PARTYNEXTDOOR),worse,kanye ye
No Mistakes (Ft. Charlie Wilson & Kid Cudi),mistake,kanye ye
No Mistakes (Ft. Charlie Wilson & Kid Cudi),debt,kanye ye
No Mistakes (Ft. Charlie Wilson & Kid Cudi),shaky,kanye ye
No Mistakes (Ft. Charlie Wilson & Kid Cudi),lost,kanye ye
No Mistakes (Ft. Charlie Wilson & Kid Cudi),mad,kanye ye
No Mistakes (Ft. Charlie Wilson & Kid Cudi),fight,kanye ye
"Ghost Town (Ft. 070 Shake, Kid Cudi & PARTYNEXTDOOR)",feeling,kanye ye
Violent Crimes (Ft. 070 Shake & Ty Dolla $ign),fallin,kanye ye
Violent Crimes (Ft. 070 Shake & Ty Dolla $ign),cry,kanye ye
Violent Crimes (Ft. 070 Shake & Ty Dolla $ign),violent,kanye ye
Violent Crimes (Ft. 070 Shake & Ty Dolla $ign),worried,kanye ye
Violent Crimes (Ft. 070 Shake & Ty Dolla $ign),scary,kanye ye
Violent Crimes (Ft. 070 Shake & Ty Dolla $ign),lie,kanye ye
Violent Crimes (Ft. 070 Shake & Ty Dolla $ign),scared,kanye ye
Violent Crimes (Ft. 070 Shake & Ty Dolla $ign),conquer,kanye ye
Violent Crimes (Ft. 070 Shake & Ty Dolla $ign),monster,kanye ye
Violent Crimes (Ft. 070 Shake & Ty Dolla $ign),death,kanye ye
Violent Crimes (Ft. 070 Shake & Ty Dolla $ign),cuttin,kanye ye
Violent Crimes (Ft. 070 Shake & Ty Dolla $ign),hangin,kanye ye
Violent Crimes (Ft. 070 Shake & Ty Dolla $ign),danger,kanye ye
Violent Crimes (Ft. 070 Shake & Ty Dolla $ign),devil,kanye ye
Violent Crimes (Ft. 070 Shake & Ty Dolla $ign),sin,kanye ye
Violent Crimes (Ft. 070 Shake & Ty Dolla $ign),blood,kanye ye
Culture (Ft. DJ Khaled),mafia,migos
Culture (Ft. DJ Khaled),typhoon,migos
Culture (Ft. DJ Khaled),broke,migos
Culture (Ft. DJ Khaled),fire,migos
Culture (Ft. DJ Khaled),die,migos
Culture (Ft. DJ Khaled),feelin,migos
Culture (Ft. DJ Khaled),nauseous,migos
T-Shirt,mocking,migos
T-Shirt,doubt,migos
T-Shirt,mob,migos
T-Shirt,vulture,migos
T-Shirt,bad,migos
T-Shirt,broke,migos
Call Casting,rob,migos
Call Casting,cryin,migos
Call Casting,dyin,migos
Call Casting,fire,migos
Call Casting,shot,migos
Call Casting,shoot,migos
Call Casting,casket,migos
Bad and Boujee (Ft. Lil Uzi Vert),shoot,migos
Bad and Boujee (Ft. Lil Uzi Vert),cry,migos
Bad and Boujee (Ft. Lil Uzi Vert),bad,migos
Bad and Boujee (Ft. Lil Uzi Vert),ruthless,migos
Bad and Boujee (Ft. Lil Uzi Vert),hate,migos
Bad and Boujee (Ft. Lil Uzi Vert),devil,migos
Bad and Boujee (Ft. Lil Uzi Vert),fire,migos
Bad and Boujee (Ft. Lil Uzi Vert),ache,migos
Bad and Boujee (Ft. Lil Uzi Vert),smash,migos
Bad and Boujee (Ft. Lil Uzi Vert),broke,migos
Bad and Boujee (Ft. Lil Uzi Vert),hangin,migos
Bad and Boujee (Ft. Lil Uzi Vert),secluded,migos
Bad and Boujee (Ft. Lil Uzi Vert),suicide,migos
Bad and Boujee (Ft. Lil Uzi Vert),shootin,migos
Bad and Boujee (Ft. Lil Uzi Vert),gun,migos
Bad and Boujee (Ft. Lil Uzi Vert),blue,migos
Bad and Boujee (Ft. Lil Uzi Vert),losin,migos
Get Right Witcha,bad,migos
Get Right Witcha,smash,migos
Get Right Witcha,tear,migos
Get Right Witcha,menace,migos
Get Right Witcha,trippin,migos
Get Right Witcha,missin,migos
Get Right Witcha,pressure,migos
Slippery (Ft. Gucci Mane),hunter,migos
Slippery (Ft. Gucci Mane),gun,migos
Slippery (Ft. Gucci Mane),debt,migos
Slippery (Ft. Gucci Mane),worry,migos
Slippery (Ft. Gucci Mane),ghost,migos
Slippery (Ft. Gucci Mane),bad,migos
Slippery (Ft. Gucci Mane),shot,migos
Slippery (Ft. Gucci Mane),trippin,migos
Slippery (Ft. Gucci Mane),cruel,migos
Slippery (Ft. Gucci Mane),murderer,migos
Slippery (Ft. Gucci Mane),violence,migos
Slippery (Ft. Gucci Mane),death,migos
Slippery (Ft. Gucci Mane),flood,migos
Slippery (Ft. Gucci Mane),seize,migos
Big on Big,feeling,migos
Big on Big,kill,migos
Big on Big,broke,migos
Big on Big,bad,migos
Big on Big,smash,migos
Big on Big,sick,migos
What the Price,bad,migos
What the Price,illegal,migos
What the Price,leave,migos
What the Price,empty,migos
What the Price,sad,migos
What the Price,ghost,migos
What the Price,smash,migos
Brown Paper Bag,smash,migos
Brown Paper Bag,sad,migos
Brown Paper Bag,missing,migos
Brown Paper Bag,hurtin,migos
Brown Paper Bag,shoot,migos
Brown Paper Bag,enemy,migos
Brown Paper Bag,dentist,migos
Brown Paper Bag,feeling,migos
Brown Paper Bag,mad,migos
Brown Paper Bag,bad,migos
Brown Paper Bag,hurting,migos
Brown Paper Bag,empty,migos
Brown Paper Bag,broke,migos
Deadz (Ft. 2 Chainz),anaconda,migos
Deadz (Ft. 2 Chainz),bang,migos
Deadz (Ft. 2 Chainz),haze,migos
Deadz (Ft. 2 Chainz),faintin,migos
Deadz (Ft. 2 Chainz),shoot,migos
All Ass,bad,migos
All Ass,shakin,migos
All Ass,sad,migos
All Ass,fallin,migos
All Ass,empty,migos
All Ass,spaz,migos
Kelly Price (Ft. Travis Scott),kill,migos
Kelly Price (Ft. Travis Scott),violent,migos
Kelly Price (Ft. Travis Scott),bad,migos
Kelly Price (Ft. Travis Scott),blues,migos
Kelly Price (Ft. Travis Scott),lethal,migos
Kelly Price (Ft. Travis Scott),tear,migos
Kelly Price (Ft. Travis Scott),leave,migos
Kelly Price (Ft. Travis Scott),fire,migos
Out Yo Way,pain,migos
Out Yo Way,hell,migos
Out Yo Way,hate,migos
Out Yo Way,lose,migos
Out Yo Way,hurt,migos
Out Yo Way,bad,migos
Out Yo Way,lie,migos
Out Yo Way,blast,migos
Out Yo Way,fall,migos
What U Sayin' (Ft. Smokepurpp),grave,lilpump
What U Sayin' (Ft. Smokepurpp),mad,lilpump
What U Sayin' (Ft. Smokepurpp),gun,lilpump
Gucci Gang,scream,lilpump
Smoke My Dope (Ft. Smokepurpp),choke,lilpump
Smoke My Dope (Ft. Smokepurpp),stroke,lilpump
Smoke My Dope (Ft. Smokepurpp),broke,lilpump
Smoke My Dope (Ft. Smokepurpp),hate,lilpump
Smoke My Dope (Ft. Smokepurpp),feeling,lilpump
Crazy,crazy,lilpump
Crazy,leave,lilpump
Back (Ft. Lil Yachty),crazy,lilpump
Back (Ft. Lil Yachty),bang,lilpump
D Rose,feelin,lilpump
D Rose,broke,lilpump
Youngest Flexer (Ft. Gucci Mane),feeling,lilpump
Youngest Flexer (Ft. Gucci Mane),stretcher,lilpump
Youngest Flexer (Ft. Gucci Mane),bad,lilpump
Whitney (Ft. Chief Keef),mob,lilpump
Molly,fiend,lilpump
Molly,crash,lilpump
Iced Out (Ft. 2 Chainz),feeling,lilpump
Boss,murder,lilpump
Boss,broke,lilpump
Flex Like Ouu,missing,lilpump
Pinky Ring (Ft. Rick Ross & Smokepurpp),hate,lilpump
Pinky Ring (Ft. Rick Ross & Smokepurpp),lie,lilpump
Pinky Ring (Ft. Rick Ross & Smokepurpp),bad,lilpump
Pinky Ring (Ft. Rick Ross & Smokepurpp),rob,lilpump
Pinky Ring (Ft. Rick Ross & Smokepurpp),die,lilpump
Pinky Ring (Ft. Rick Ross & Smokepurpp),bang,lilpump
Pinky Ring (Ft. Rick Ross & Smokepurpp),crash,lilpump
You Know How I Do,sick,takingback
You Know How I Do,bad,takingback
You Know How I Do,waste,takingback
Bike Scene,leave,takingback
Bike Scene,hate,takingback
Bike Scene,bad,takingback
Bike Scene,miserable,takingback
Cute Without the 'E' (Cut from the Team),death,takingback
Cute Without the 'E' (Cut from the Team),gun,takingback
Cute Without the 'E' (Cut from the Team),regret,takingback
Cute Without the 'E' (Cut from the Team),feeling,takingback
Cute Without the 'E' (Cut from the Team),fault,takingback
Cute Without the 'E' (Cut from the Team),worse,takingback
Cute Without the 'E' (Cut from the Team),wrecked,takingback
There's No 'I' in Team,regret,takingback
There's No 'I' in Team,sympathy,takingback
There's No 'I' in Team,broken,takingback
There's No 'I' in Team,worse,takingback
There's No 'I' in Team,jealousy,takingback
Great Romances of the 20th Century,fall,takingback
Great Romances of the 20th Century,falling,takingback
Great Romances of the 20th Century,worse,takingback
Great Romances of the 20th Century,sympathy,takingback
Ghost Man on Third,crazy,takingback
Ghost Man on Third,bad,takingback
Ghost Man on Third,shame,takingback
Ghost Man on Third,doubt,takingback
Ghost Man on Third,hurt,takingback
Ghost Man on Third,feeling,takingback
Timberwolves at New Jersey,worse,takingback
Timberwolves at New Jersey,wastin,takingback
Timberwolves at New Jersey,coward,takingback
Timberwolves at New Jersey,demise,takingback
Timberwolves at New Jersey,gun,takingback
The Blue Channel,leave,takingback
The Blue Channel,worry,takingback
The Blue Channel,guilty,takingback
The Blue Channel,disgusting,takingback
The Blue Channel,sneakin,takingback
You're So Last Summer,hate,takingback
You're So Last Summer,missing,takingback
You're So Last Summer,lie,takingback
You're So Last Summer,gasping,takingback
You're So Last Summer,apologize,takingback
You're So Last Summer,bleeding,takingback
You're So Last Summer,bad,takingback
Head Club,worse,takingback
Head Club,sick,takingback
The Ballad of Sal Villanueva,worry,takingback
The Ballad of Sal Villanueva,goodbye,takingback
Helena (So Long & Goodnight),hearse,chemicalromance
Helena (So Long & Goodnight),die,chemicalromance
Helena (So Long & Goodnight),fall,chemicalromance
Helena (So Long & Goodnight),hurt,chemicalromance
Helena (So Long & Goodnight),leave,chemicalromance
"Give 'Em Hell, Kid",shot,chemicalromance
"Give 'Em Hell, Kid",murder,chemicalromance
"Give 'Em Hell, Kid",miss,chemicalromance
"Give 'Em Hell, Kid",wreck,chemicalromance
"Give 'Em Hell, Kid",hopeless,chemicalromance
To the End,tomb,chemicalromance
To the End,resignation,chemicalromance
To the End,shot,chemicalromance
To the End,bury,chemicalromance
To the End,goodbye,chemicalromance
To the End,cyanide,chemicalromance
To the End,nasty,chemicalromance
To the End,lost,chemicalromance
To the End,coma,chemicalromance
You Know What They Do to Guys Like Us in Prison (Ft. Bert McCracken),war,chemicalromance
You Know What They Do to Guys Like Us in Prison (Ft. Bert McCracken),pain,chemicalromance
You Know What They Do to Guys Like Us in Prison (Ft. Bert McCracken),dying,chemicalromance
You Know What They Do to Guys Like Us in Prison (Ft. Bert McCracken),lost,chemicalromance
You Know What They Do to Guys Like Us in Prison (Ft. Bert McCracken),losing,chemicalromance
You Know What They Do to Guys Like Us in Prison (Ft. Bert McCracken),miss,chemicalromance
You Know What They Do to Guys Like Us in Prison (Ft. Bert McCracken),lethal,chemicalromance
You Know What They Do to Guys Like Us in Prison (Ft. Bert McCracken),injection,chemicalromance
You Know What They Do to Guys Like Us in Prison (Ft. Bert McCracken),fire,chemicalromance
You Know What They Do to Guys Like Us in Prison (Ft. Bert McCracken),death,chemicalromance
You Know What They Do to Guys Like Us in Prison (Ft. Bert McCracken),complain,chemicalromance
I'm Not Okay (I Promise),broke,chemicalromance
I'm Not Okay (I Promise),torn,chemicalromance
I'm Not Okay (I Promise),frayed,chemicalromance
The Ghost of You,lie,chemicalromance
The Ghost of You,died,chemicalromance
The Ghost of You,feeling,chemicalromance
The Ghost of You,haunt,chemicalromance
The Ghost of You,scar,chemicalromance
The Ghost of You,fall,chemicalromance
The Jetset Life Is Gonna Kill You,killing,chemicalromance
The Jetset Life Is Gonna Kill You,lie,chemicalromance
The Jetset Life Is Gonna Kill You,lost,chemicalromance
The Jetset Life Is Gonna Kill You,tragedy,chemicalromance
Interlude,unknown,chemicalromance
Thank You for the Venom,criminal,chemicalromance
Thank You for the Venom,leave,chemicalromance
Thank You for the Venom,coffin,chemicalromance
Thank You for the Venom,bleeding,chemicalromance
Thank You for the Venom,poison,chemicalromance
Thank You for the Venom,hopeless,chemicalromance
Thank You for the Venom,ill,chemicalromance
Thank You for the Venom,kill,chemicalromance
Thank You for the Venom,fire,chemicalromance
Thank You for the Venom,gun,chemicalromance
Thank You for the Venom,serpent,chemicalromance
Thank You for the Venom,scar,chemicalromance
Hang 'Em High,lie,chemicalromance
Hang 'Em High,gun,chemicalromance
Hang 'Em High,die,chemicalromance
Hang 'Em High,fall,chemicalromance
Hang 'Em High,bury,chemicalromance
"It's Not a Fashion Statement, It's a Fucking Deathwish",kill,chemicalromance
"It's Not a Fashion Statement, It's a Fucking Deathwish",damage,chemicalromance
"It's Not a Fashion Statement, It's a Fucking Deathwish",death,chemicalromance
"It's Not a Fashion Statement, It's a Fucking Deathwish",razor,chemicalromance
"It's Not a Fashion Statement, It's a Fucking Deathwish",lose,chemicalromance
"It's Not a Fashion Statement, It's a Fucking Deathwish",ghost,chemicalromance
"It's Not a Fashion Statement, It's a Fucking Deathwish",fall,chemicalromance
"It's Not a Fashion Statement, It's a Fucking Deathwish",lost,chemicalromance
"It's Not a Fashion Statement, It's a Fucking Deathwish",falling,chemicalromance
Cemetery Drive,death,chemicalromance
Cemetery Drive,crash,chemicalromance
Cemetery Drive,cemetery,chemicalromance
Cemetery Drive,grave,chemicalromance
Cemetery Drive,mausoleum,chemicalromance
Cemetery Drive,miss,chemicalromance
Cemetery Drive,gun,chemicalromance
Cemetery Drive,dying,chemicalromance
Cemetery Drive,crying,chemicalromance
I Never Told You What I Do for a Living,grieve,chemicalromance
I Never Told You What I Do for a Living,bury,chemicalromance
I Never Told You What I Do for a Living,fall,chemicalromance
I Never Told You What I Do for a Living,hell,chemicalromance
I Never Told You What I Do for a Living,death,chemicalromance
I Never Told You What I Do for a Living,crying,chemicalromance
I Never Told You What I Do for a Living,cry,chemicalromance
I Never Told You What I Do for a Living,blood,chemicalromance
Bury Me in Black,drown,chemicalromance
Bury Me in Black,misery,chemicalromance
Bury Me in Black,worn,chemicalromance
Bury Me in Black,war,chemicalromance
Bury Me in Black,explosive,chemicalromance
Bury Me in Black,empty,chemicalromance
Bury Me in Black,shot,chemicalromance
Bury Me in Black,complain,chemicalromance
Bury Me in Black,falling,chemicalromance
Our Lawyer Made Us Change the Name of This Song So We Wouldn't Get Sued,bad,fall out boy
Our Lawyer Made Us Change the Name of This Song So We Wouldn't Get Sued,leave,fall out boy
Our Lawyer Made Us Change the Name of This Song So We Wouldn't Get Sued,lose,fall out boy
Our Lawyer Made Us Change the Name of This Song So We Wouldn't Get Sued,feeling,fall out boy
Our Lawyer Made Us Change the Name of This Song So We Wouldn't Get Sued,reckless,fall out boy
Our Lawyer Made Us Change the Name of This Song So We Wouldn't Get Sued,shooting,fall out boy
Of All the Gin Joints in All the World,waste,fall out boy
Of All the Gin Joints in All the World,headaches,fall out boy
Of All the Gin Joints in All the World,bad,fall out boy
"Dance, Dance",worse,fall out boy
"Dance, Dance",feeling,fall out boy
"Dance, Dance",falling,fall out boy
"Dance, Dance",misery,fall out boy
"Dance, Dance",mistake,fall out boy
"Dance, Dance",sympathy,fall out boy
"Sugar, We're Goin Down",dying,fall out boy
"Sugar, We're Goin Down",lie,fall out boy
"Sugar, We're Goin Down",mausoleum,fall out boy
Nobody Puts Baby in the Corner,kerosene,fall out boy
Nobody Puts Baby in the Corner,leave,fall out boy
Nobody Puts Baby in the Corner,jealousy,fall out boy
Nobody Puts Baby in the Corner,mistake,fall out boy
Nobody Puts Baby in the Corner,failure,fall out boy
Nobody Puts Baby in the Corner,choke,fall out boy
Nobody Puts Baby in the Corner,blue,fall out boy
I've Got a Dark Alley and a Bad Idea That Says You Should Shut Your Mouth (Summer Song),awful,fall out boy
I've Got a Dark Alley and a Bad Idea That Says You Should Shut Your Mouth (Summer Song),feeling,fall out boy
I've Got a Dark Alley and a Bad Idea That Says You Should Shut Your Mouth (Summer Song),death,fall out boy
I've Got a Dark Alley and a Bad Idea That Says You Should Shut Your Mouth (Summer Song),shot,fall out boy
I've Got a Dark Alley and a Bad Idea That Says You Should Shut Your Mouth (Summer Song),hopeless,fall out boy
7 Minutes in Heaven (Atavan Halen),lie,fall out boy
7 Minutes in Heaven (Atavan Halen),worse,fall out boy
Sophomore Slump or Comeback of the Year,lie,fall out boy
Sophomore Slump or Comeback of the Year,worse,fall out boy
Sophomore Slump or Comeback of the Year,ashamed,fall out boy
Sophomore Slump or Comeback of the Year,beating,fall out boy
Sophomore Slump or Comeback of the Year,feeling,fall out boy
Sophomore Slump or Comeback of the Year,steal,fall out boy
"Champagne for My Real Friends, Real Pain for My Sham Friends",blood,fall out boy
"Champagne for My Real Friends, Real Pain for My Sham Friends",shame,fall out boy
"Champagne for My Real Friends, Real Pain for My Sham Friends",hurt,fall out boy
"Champagne for My Real Friends, Real Pain for My Sham Friends",worse,fall out boy
"Champagne for My Real Friends, Real Pain for My Sham Friends",war,fall out boy
"Champagne for My Real Friends, Real Pain for My Sham Friends",drown,fall out boy
I Slept With Someone in Fall Out Boy and All I Got Was This Stupid Song Written About Me,sick,fall out boy
I Slept With Someone in Fall Out Boy and All I Got Was This Stupid Song Written About Me,empty,fall out boy
I Slept With Someone in Fall Out Boy and All I Got Was This Stupid Song Written About Me,feeling,fall out boy
I Slept With Someone in Fall Out Boy and All I Got Was This Stupid Song Written About Me,missing,fall out boy
I Slept With Someone in Fall Out Boy and All I Got Was This Stupid Song Written About Me,death,fall out boy
I Slept With Someone in Fall Out Boy and All I Got Was This Stupid Song Written About Me,blue,fall out boy
"A Little Less Sixteen Candles, a Little More ""Touch Me""",confess,fall out boy
"A Little Less Sixteen Candles, a Little More ""Touch Me""",death,fall out boy
"A Little Less Sixteen Candles, a Little More ""Touch Me""",lost,fall out boy
"A Little Less Sixteen Candles, a Little More ""Touch Me""",shot,fall out boy
Get Busy Living or Get Busy Dying (Do Your Part to Save the Scene and Stop Going to Shows),ghost,fall out boy
Get Busy Living or Get Busy Dying (Do Your Part to Save the Scene and Stop Going to Shows),screaming,fall out boy
Get Busy Living or Get Busy Dying (Do Your Part to Save the Scene and Stop Going to Shows),falling,fall out boy
Get Busy Living or Get Busy Dying (Do Your Part to Save the Scene and Stop Going to Shows),dark,fall out boy
Get Busy Living or Get Busy Dying (Do Your Part to Save the Scene and Stop Going to Shows),fears,fall out boy
Get Busy Living or Get Busy Dying (Do Your Part to Save the Scene and Stop Going to Shows),loneliness,fall out boy
Get Busy Living or Get Busy Dying (Do Your Part to Save the Scene and Stop Going to Shows),die,fall out boy
Get Busy Living or Get Busy Dying (Do Your Part to Save the Scene and Stop Going to Shows),waste,fall out boy
Get Busy Living or Get Busy Dying (Do Your Part to Save the Scene and Stop Going to Shows),death,fall out boy
XO,emergency,fall out boy
XO,sympathy,fall out boy
XO,tear,fall out boy
Snitches and Talkers Get Stitches and Walkers,lost,fall out boy
The Music or The Misery,aching,fall out boy
The Music or The Misery,death,fall out boy
The Music or The Misery,shot,fall out boy
The Music or The Misery,bad,fall out boy
The Music or The Misery,misery,fall out boy
The Music or The Misery,wreck,fall out boy
The Music or The Misery,nerves,fall out boy
The Music or The Misery,feeling,fall out boy
The Music or The Misery,dark,fall out boy
My Heart Is the Worst Kind of Weapon (Demo),wound,fall out boy
My Heart Is the Worst Kind of Weapon (Demo),empty,fall out boy
My Heart Is the Worst Kind of Weapon (Demo),tear,fall out boy
My Heart Is the Worst Kind of Weapon (Demo),remorse,fall out boy
My Heart Is the Worst Kind of Weapon (Demo),leave,fall out boy
My Heart Is the Worst Kind of Weapon (Demo),damage,fall out boy
Bleed American (Salt Sweat Sugar),crazy,jimmyeatworld
A Praise Chorus (Ft. Davey von Bohlen),waste,jimmyeatworld
A Praise Chorus (Ft. Davey von Bohlen),feeling,jimmyeatworld
A Praise Chorus (Ft. Davey von Bohlen),fall,jimmyeatworld
A Praise Chorus (Ft. Davey von Bohlen),miss,jimmyeatworld
A Praise Chorus (Ft. Davey von Bohlen),nostalgia,jimmyeatworld
The Middle,feeling,jimmyeatworld
The Middle,worry,jimmyeatworld
Your House,rip,jimmyeatworld
Your House,lose,jimmyeatworld
Sweetness,lose,jimmyeatworld
Sweetness,sinking,jimmyeatworld
Sweetness,concerned,jimmyeatworld
"If You Don't, Don't",miss,jimmyeatworld
"If You Don't, Don't",ghost,jimmyeatworld
"If You Don't, Don't",doubt,jimmyeatworld
Cautioners,mistake,jimmyeatworld
Cautioners,miss,jimmyeatworld
The Authority Song,scared,jimmyeatworld
My Sundown,crazy,jimmyeatworld
My Sundown,goodbye,jimmyeatworld
The Most Beautiful Things,endless,jimmyeatworld
The Most Beautiful Things,escape,jimmyeatworld
The Most Beautiful Things,failure,jimmyeatworld
The Most Beautiful Things,lie,jimmyeatworld
No Sensitivity,feeling,jimmyeatworld
No Sensitivity,lonely,jimmyeatworld
No Sensitivity,cry,jimmyeatworld
No Sensitivity,scream,jimmyeatworld
(Splash) Turn Twist,leave,jimmyeatworld
Cautioners (Demo),mistake,jimmyeatworld
Cautioners (Demo),miss,jimmyeatworld
Firestarter,danger,jimmyeatworld
Firestarter,fire,jimmyeatworld
Firestarter,pain,jimmyeatworld
Bleed American (live),crazy,jimmyeatworld
Praise Chorus (live),waste,jimmyeatworld
Praise Chorus (live),feeling,jimmyeatworld
Praise Chorus (live),fall,jimmyeatworld
Praise Chorus (live),miss,jimmyeatworld
Praise Chorus (live),nostalgia,jimmyeatworld
Softer (live),sick,jimmyeatworld
The Middle (acoustic),feeling,jimmyeatworld
The Middle (acoustic),worry,jimmyeatworld
"If You Don't, Don't  (XFM Session)",miss,jimmyeatworld
"If You Don't, Don't  (XFM Session)",ghost,jimmyeatworld
"If You Don't, Don't  (XFM Session)",doubt,jimmyeatworld
Game Of Pricks (BBC Radio 1 Session),attacking,jimmyeatworld
Game Of Pricks (BBC Radio 1 Session),weep,jimmyeatworld
Game Of Pricks (BBC Radio 1 Session),disease,jimmyeatworld
The Authority Song (demo),scared,jimmyeatworld
My Sundown - acoustic Inner Ear session,crazy,jimmyeatworld
Sweetness (live),lose,jimmyeatworld
Sweetness (live),sinking,jimmyeatworld
Sweetness (live),concerned,jimmyeatworld
Last Christmas,fire,jimmyeatworld
My Sundown (demo),crazy,jimmyeatworld
Spangle,broken,jimmyeatworld
Spangle,goodbye,jimmyeatworld
Spangle,cruel,jimmyeatworld
The Middle (Early demo),feeling,jimmyeatworld
The Middle (Early demo),worry,jimmyeatworld
Your House (2007),rip,jimmyeatworld
Your House (2007),lose,jimmyeatworld
Tautou,sinking,brandnew
Sic Transit Gloria... Glory Fades,shaking,brandnew
Sic Transit Gloria... Glory Fades,victim,brandnew
Sic Transit Gloria... Glory Fades,dark,brandnew
Sic Transit Gloria... Glory Fades,depressed,brandnew
Sic Transit Gloria... Glory Fades,unprepared,brandnew
Sic Transit Gloria... Glory Fades,failing,brandnew
Sic Transit Gloria... Glory Fades,fever,brandnew
Sic Transit Gloria... Glory Fades,die,brandnew
Sic Transit Gloria... Glory Fades,feeling,brandnew
Sic Transit Gloria... Glory Fades,gasping,brandnew
Sic Transit Gloria... Glory Fades,slaughter,brandnew
Sic Transit Gloria... Glory Fades,aching,brandnew
I Will Play My Game Beneath the Spin Light,kill,brandnew
I Will Play My Game Beneath the Spin Light,die,brandnew
I Will Play My Game Beneath the Spin Light,feeling,brandnew
I Will Play My Game Beneath the Spin Light,leave,brandnew
I Will Play My Game Beneath the Spin Light,abandoned,brandnew
I Will Play My Game Beneath the Spin Light,broken,brandnew
I Will Play My Game Beneath the Spin Light,empty,brandnew
I Will Play My Game Beneath the Spin Light,panic,brandnew
I Will Play My Game Beneath the Spin Light,losing,brandnew
I Will Play My Game Beneath the Spin Light,cage,brandnew
"Okay, I Believe You, But My Tommy Gun Don't",war,brandnew
"Okay, I Believe You, But My Tommy Gun Don't",falling,brandnew
"Okay, I Believe You, But My Tommy Gun Don't",fight,brandnew
"Okay, I Believe You, But My Tommy Gun Don't",loss,brandnew
"Okay, I Believe You, But My Tommy Gun Don't",fall,brandnew
The Quiet Things That No One Ever Knows,hospital,brandnew
The Quiet Things That No One Ever Knows,wound,brandnew
The Quiet Things That No One Ever Knows,blood,brandnew
The Quiet Things That No One Ever Knows,empty,brandnew
The Quiet Things That No One Ever Knows,wasting,brandnew
The Quiet Things That No One Ever Knows,death,brandnew
The Quiet Things That No One Ever Knows,ruined,brandnew
The Quiet Things That No One Ever Knows,lie,brandnew
The Boy Who Blocked His Own Shot,sad,brandnew
The Boy Who Blocked His Own Shot,die,brandnew
The Boy Who Blocked His Own Shot,hate,brandnew
The Boy Who Blocked His Own Shot,tomb,brandnew
The Boy Who Blocked His Own Shot,dark,brandnew
The Boy Who Blocked His Own Shot,fragile,brandnew
The Boy Who Blocked His Own Shot,blood,brandnew
Jaws Theme Swimming,stalk,brandnew
Jaws Theme Swimming,wicked,brandnew
Jaws Theme Swimming,cutting,brandnew
Me vs Maradona vs Elvis,sad,brandnew
Me vs Maradona vs Elvis,malicious,brandnew
Me vs Maradona vs Elvis,scared,brandnew
Me vs Maradona vs Elvis,lie,brandnew
Me vs Maradona vs Elvis,fall,brandnew
Me vs Maradona vs Elvis,empty,brandnew
Me vs Maradona vs Elvis,feeling,brandnew
Me vs Maradona vs Elvis,sin,brandnew
Me vs Maradona vs Elvis,tear,brandnew
Guernica,worry,brandnew
Guernica,blood,brandnew
Guernica,remove,brandnew
Guernica,hurt,brandnew
Good to Know That If I Ever Need Attention All I Have to Do Is Die,gallows,brandnew
Good to Know That If I Ever Need Attention All I Have to Do Is Die,impossible,brandnew
Good to Know That If I Ever Need Attention All I Have to Do Is Die,comatose,brandnew
Good to Know That If I Ever Need Attention All I Have to Do Is Die,feeling,brandnew
Good to Know That If I Ever Need Attention All I Have to Do Is Die,revenge,brandnew
Good to Know That If I Ever Need Attention All I Have to Do Is Die,concealed,brandnew
Good to Know That If I Ever Need Attention All I Have to Do Is Die,prey,brandnew
Play Crack the Sky,broke,brandnew
Play Crack the Sky,risk,brandnew
Play Crack the Sky,buried,brandnew
Play Crack the Sky,dashed,brandnew
Play Crack the Sky,fight,brandnew
Play Crack the Sky,disappear,brandnew
Play Crack the Sky,sunk,brandnew
Play Crack the Sky,funeral,brandnew
"For a Pessimist, I'm Pretty Optimistic",tear,paramore
"For a Pessimist, I'm Pretty Optimistic",fight,paramore
That's What You Get,hurt,paramore
That's What You Get,beating,paramore
That's What You Get,feeling,paramore
That's What You Get,pain,paramore
That's What You Get,riot,paramore
Hallelujah,fall,paramore
Hallelujah,falling,paramore
Hallelujah,screaming,paramore
Misery Business,snare,paramore
Misery Business,misery,paramore
Misery Business,lie,paramore
Misery Business,fire,paramore
Misery Business,steal,paramore
Misery Business,feeling,paramore
When It Rains,miss,paramore
When It Rains,escape,paramore
Let the Flames Begin,shame,paramore
Let the Flames Begin,fragile,paramore
Let the Flames Begin,broken,paramore
Let the Flames Begin,weakness,paramore
Let the Flames Begin,die,paramore
Let the Flames Begin,regret,paramore
Let the Flames Begin,pain,paramore
Let the Flames Begin,buried,paramore
Let the Flames Begin,hiding,paramore
Miracle,pain,paramore
Miracle,broken,paramore
Miracle,kill,paramore
Miracle,fears,paramore
Miracle,lie,paramore
Miracle,leave,paramore
Crushcrushcrush,waste,paramore
We Are Broken,broken,paramore
We Are Broken,war,paramore
Fences,dying,paramore
Fences,hate,paramore
Fences,fight,paramore
Born For This,falling,paramore
Born For This,misery,paramore
Born For This,landslide,paramore
Born For This,kill,paramore
Born For This,feeling,paramore
Born For This,pressure,paramore
Temporary,failure,paramore
Temporary,hurt,paramore
Decoy,forgotten,paramore
Decoy,blue,paramore
Decoy,forced,paramore
My Hero,alarming,paramore
Stop This Song (Lovesick Melody),die,paramore
Stop This Song (Lovesick Melody),hurting,paramore
Stop This Song (Lovesick Melody),spider,paramore
Stop This Song (Lovesick Melody),falling,paramore
Rewind,fall,paramore
Rewind,goodbye,paramore
Rewind,scared,paramore
Say You Will,blue,kanye heartbreak
Say You Will,missing,kanye heartbreak
Say You Will,crash,kanye heartbreak
Say You Will,waste,kanye heartbreak
Say You Will,leave,kanye heartbreak
Say You Will,lose,kanye heartbreak
Welcome To Heartbreak (Ft. Kid Cudi),cracked,kanye heartbreak
Welcome To Heartbreak (Ft. Kid Cudi),chased,kanye heartbreak
Welcome To Heartbreak (Ft. Kid Cudi),bad,kanye heartbreak
Welcome To Heartbreak (Ft. Kid Cudi),leave,kanye heartbreak
Welcome To Heartbreak (Ft. Kid Cudi),heartbreak,kanye heartbreak
Heartless,lost,kanye heartbreak
Heartless,heartless,kanye heartbreak
Heartless,lonely,kanye heartbreak
Heartless,evil,kanye heartbreak
Heartless,mad,kanye heartbreak
Heartless,leave,kanye heartbreak
Amazing (Ft. Jeezy),exhausted,kanye heartbreak
Amazing (Ft. Jeezy),monster,kanye heartbreak
Amazing (Ft. Jeezy),afraid,kanye heartbreak
Amazing (Ft. Jeezy),die,kanye heartbreak
Amazing (Ft. Jeezy),blood,kanye heartbreak
Amazing (Ft. Jeezy),pressure,kanye heartbreak
Love Lockdown,haunted,kanye heartbreak
Love Lockdown,lose,kanye heartbreak
Love Lockdown,screaming,kanye heartbreak
Love Lockdown,escape,kanye heartbreak
Love Lockdown,danger,kanye heartbreak
Love Lockdown,wasting,kanye heartbreak
Paranoid (Ft. Mr. Hudson),paranoid,kanye heartbreak
Paranoid (Ft. Mr. Hudson),worry,kanye heartbreak
Paranoid (Ft. Mr. Hudson),kill,kanye heartbreak
Paranoid (Ft. Mr. Hudson),fight,kanye heartbreak
Paranoid (Ft. Mr. Hudson),complain,kanye heartbreak
Paranoid (Ft. Mr. Hudson),leave,kanye heartbreak
Paranoid (Ft. Mr. Hudson),lost,kanye heartbreak
Paranoid (Ft. Mr. Hudson),heartbreak,kanye heartbreak
RoboCop,misery,kanye heartbreak
RoboCop,crazy,kanye heartbreak
RoboCop,mad,kanye heartbreak
Bad News,bad,kanye heartbreak
See You in My Nightmares (Ft. Lil Wayne),fight,kanye heartbreak
See You in My Nightmares (Ft. Lil Wayne),nightmare,kanye heartbreak
See You in My Nightmares (Ft. Lil Wayne),farewell,kanye heartbreak
Coldest Winter,lonely,kanye heartbreak
Coldest Winter,goodbye,kanye heartbreak
Pinocchio Story,crazy,kanye heartbreak
Pinocchio Story,doubt,kanye heartbreak
Pinocchio Story,hell,kanye heartbreak
Pinocchio Story,jail,kanye heartbreak
Pinocchio Story,feeling,kanye heartbreak
Pinocchio Story,cryin,kanye heartbreak
Pinocchio Story,fault,kanye heartbreak
Pinocchio Story,death,kanye heartbreak
Foreword (Ft. Rex Orange County),falling,tyler
Foreword (Ft. Rex Orange County),sick,tyler
Foreword (Ft. Rex Orange County),doubt,tyler
Foreword (Ft. Rex Orange County),slave,tyler
Foreword (Ft. Rex Orange County),shoot,tyler
Foreword (Ft. Rex Orange County),drown,tyler
Foreword (Ft. Rex Orange County),crash,tyler
Foreword (Ft. Rex Orange County),fall,tyler
Where This Flower Blooms (Ft. Frank Ocean),blue,tyler
Where This Flower Blooms (Ft. Frank Ocean),dark,tyler
See You Again (Ft. Kali Uchis),sick,tyler
See You Again (Ft. Kali Uchis),war,tyler
Who Dat Boy (Ft. A$AP Rocky),death,tyler
Who Dat Boy (Ft. A$AP Rocky),coffin,tyler
Who Dat Boy (Ft. A$AP Rocky),broken,tyler
Who Dat Boy (Ft. A$AP Rocky),bomb,tyler
Who Dat Boy (Ft. A$AP Rocky),feeling,tyler
Who Dat Boy (Ft. A$AP Rocky),mad,tyler
Who Dat Boy (Ft. A$AP Rocky),bad,tyler
Who Dat Boy (Ft. A$AP Rocky),miss,tyler
Who Dat Boy (Ft. A$AP Rocky),disappear,tyler
Who Dat Boy (Ft. A$AP Rocky),worried,tyler
Who Dat Boy (Ft. A$AP Rocky),ill,tyler
Pothole (Ft. Jaden Smith),warned,tyler
Pothole (Ft. Jaden Smith),leave,tyler
Pothole (Ft. Jaden Smith),crash,tyler
Pothole (Ft. Jaden Smith),swerve,tyler
Pothole (Ft. Jaden Smith),snakes,tyler
Pothole (Ft. Jaden Smith),lonely,tyler
Pothole (Ft. Jaden Smith),lone,tyler
Pothole (Ft. Jaden Smith),drown,tyler
Garden Shed (Ft. Estelle),kill,tyler
Garden Shed (Ft. Estelle),hidin,tyler
Garden Shed (Ft. Estelle),lost,tyler
Garden Shed (Ft. Estelle),batter,tyler
"Boredom (Ft. Anna of the North, Corinne Bailey Rae & Rex Orange County)",burial,tyler
"Boredom (Ft. Anna of the North, Corinne Bailey Rae & Rex Orange County)",hell,tyler
"Boredom (Ft. Anna of the North, Corinne Bailey Rae & Rex Orange County)",hate,tyler
"Boredom (Ft. Anna of the North, Corinne Bailey Rae & Rex Orange County)",feeling,tyler
I Ain't Got Time!,hurt,tyler
I Ain't Got Time!,leave,tyler
I Ain't Got Time!,flood,tyler
I Ain't Got Time!,dying,tyler
I Ain't Got Time!,kill,tyler
911 / Mr. Lonely (Ft. Frank Ocean & Steve Lacy),lonely,tyler
911 / Mr. Lonely (Ft. Frank Ocean & Steve Lacy),sucks,tyler
911 / Mr. Lonely (Ft. Frank Ocean & Steve Lacy),bang,tyler
911 / Mr. Lonely (Ft. Frank Ocean & Steve Lacy),swerve,tyler
911 / Mr. Lonely (Ft. Frank Ocean & Steve Lacy),blues,tyler
911 / Mr. Lonely (Ft. Frank Ocean & Steve Lacy),lie,tyler
911 / Mr. Lonely (Ft. Frank Ocean & Steve Lacy),bad,tyler
911 / Mr. Lonely (Ft. Frank Ocean & Steve Lacy),dark,tyler
911 / Mr. Lonely (Ft. Frank Ocean & Steve Lacy),sick,tyler
Droppin' Seeds (Ft. Lil Wayne),fire,tyler
Droppin' Seeds (Ft. Lil Wayne),banshee,tyler
November,feeling,tyler
November,lost,tyler
November,shitty,tyler
November,hurtin,tyler
November,hate,tyler
November,ultimatum,tyler
November,cried,tyler
November,fell,tyler
November,disappear,tyler
November,leave,tyler
Glitter,feeling,tyler
Glitter,losing,tyler
Glitter,feelin,tyler
Glitter,lie,tyler
Glitter,bad,tyler
In My Dreams (Cudder Anthem),worry,kidcudi
In My Dreams (Cudder Anthem),hell,kidcudi
In My Dreams (Cudder Anthem),threat,kidcudi
Soundtrack 2 My Life,haunted,kidcudi
Soundtrack 2 My Life,sadness,kidcudi
Soundtrack 2 My Life,paranoid,kidcudi
Soundtrack 2 My Life,died,kidcudi
Soundtrack 2 My Life,doom,kidcudi
Soundtrack 2 My Life,wound,kidcudi
Soundtrack 2 My Life,sore,kidcudi
Soundtrack 2 My Life,dark,kidcudi
Soundtrack 2 My Life,insanity,kidcudi
Soundtrack 2 My Life,lie,kidcudi
Simple As...,feeling,kidcudi
Simple As...,hate,kidcudi
Simple As...,terminate,kidcudi
Simple As...,curse,kidcudi
Simple As...,mad,kidcudi
Simple As...,dark,kidcudi
Simple As...,unstable,kidcudi
Solo Dolo (Nightmare),feeling,kidcudi
Solo Dolo (Nightmare),afraid,kidcudi
Solo Dolo (Nightmare),enemy,kidcudi
Solo Dolo (Nightmare),outcast,kidcudi
Solo Dolo (Nightmare),cry,kidcudi
Solo Dolo (Nightmare),insanity,kidcudi
Heart of a Lion (Kid Cudi Theme Music),feeling,kidcudi
Heart of a Lion (Kid Cudi Theme Music),sad,kidcudi
Heart of a Lion (Kid Cudi Theme Music),devil,kidcudi
Heart of a Lion (Kid Cudi Theme Music),rip,kidcudi
Heart of a Lion (Kid Cudi Theme Music),kill,kidcudi
Heart of a Lion (Kid Cudi Theme Music),hell,kidcudi
Heart of a Lion (Kid Cudi Theme Music),regret,kidcudi
Heart of a Lion (Kid Cudi Theme Music),lion,kidcudi
Heart of a Lion (Kid Cudi Theme Music),horror,kidcudi
Heart of a Lion (Kid Cudi Theme Music),dark,kidcudi
Heart of a Lion (Kid Cudi Theme Music),mental,kidcudi
Heart of a Lion (Kid Cudi Theme Music),unstable,kidcudi
Heart of a Lion (Kid Cudi Theme Music),coward,kidcudi
Heart of a Lion (Kid Cudi Theme Music),fight,kidcudi
Heart of a Lion (Kid Cudi Theme Music),hiding,kidcudi
My World (Ft. Billy Cravens),worse,kidcudi
My World (Ft. Billy Cravens),lonely,kidcudi
My World (Ft. Billy Cravens),lowest,kidcudi
My World (Ft. Billy Cravens),mad,kidcudi
My World (Ft. Billy Cravens),lost,kidcudi
My World (Ft. Billy Cravens),shoot,kidcudi
My World (Ft. Billy Cravens),crazy,kidcudi
Day 'n' Nite (Nightmare),stress,kidcudi
Day 'n' Nite (Nightmare),madness,kidcudi
Day 'n' Nite (Nightmare),lonely,kidcudi
Day 'n' Nite (Nightmare),pain,kidcudi
Day 'n' Nite (Nightmare),feelin,kidcudi
Day 'n' Nite (Nightmare),blue,kidcudi
Sky Might Fall,feeling,kidcudi
Sky Might Fall,fall,kidcudi
Sky Might Fall,worried,kidcudi
Sky Might Fall,lightning,kidcudi
Sky Might Fall,desert,kidcudi
Sky Might Fall,lost,kidcudi
Sky Might Fall,drown,kidcudi
Sky Might Fall,falling,kidcudi
Enter Galactic (Love Connection Part I),worry,kidcudi
Enter Galactic (Love Connection Part I),waste,kidcudi
Enter Galactic (Love Connection Part I),hate,kidcudi
Enter Galactic (Love Connection Part I),falling,kidcudi
Enter Galactic (Love Connection Part I),escape,kidcudi
Enter Galactic (Love Connection Part I),prison,kidcudi
Alive (Nightmare) (Ft. Ratatat),feeling,kidcudi
Alive (Nightmare) (Ft. Ratatat),fight,kidcudi
Alive (Nightmare) (Ft. Ratatat),beast,kidcudi
Alive (Nightmare) (Ft. Ratatat),prowl,kidcudi
Alive (Nightmare) (Ft. Ratatat),curse,kidcudi
Alive (Nightmare) (Ft. Ratatat),collapse,kidcudi
Alive (Nightmare) (Ft. Ratatat),lone,kidcudi
Alive (Nightmare) (Ft. Ratatat),evil,kidcudi
Alive (Nightmare) (Ft. Ratatat),feelin,kidcudi
Cudi Zone,hate,kidcudi
Cudi Zone,attack,kidcudi
Cudi Zone,timid,kidcudi
Cudi Zone,lose,kidcudi
Cudi Zone,feeling,kidcudi
Cudi Zone,feelin,kidcudi
Cudi Zone,fall,kidcudi
Cudi Zone,worthless,kidcudi
Cudi Zone,devil,kidcudi
Cudi Zone,wrath,kidcudi
Make Her Say (I Poke Her Face) (Ft. Common & Kanye West),hell,kidcudi
Make Her Say (I Poke Her Face) (Ft. Common & Kanye West),fall,kidcudi
Pursuit of Happiness (Nightmare) (Ft. MGMT & Ratatat),feeling,kidcudi
Pursuit of Happiness (Nightmare) (Ft. MGMT & Ratatat),screaming,kidcudi
Pursuit of Happiness (Nightmare) (Ft. MGMT & Ratatat),fall,kidcudi
Pursuit of Happiness (Nightmare) (Ft. MGMT & Ratatat),die,kidcudi
Pursuit of Happiness (Nightmare) (Ft. MGMT & Ratatat),sorrow,kidcudi
Hyyerr (Ft. King Chip),grief,kidcudi
Hyyerr (Ft. King Chip),doubt,kidcudi
Hyyerr (Ft. King Chip),feeling,kidcudi
Hyyerr (Ft. King Chip),kill,kidcudi
Hyyerr (Ft. King Chip),trippin,kidcudi
Hyyerr (Ft. King Chip),bad,kidcudi
Hyyerr (Ft. King Chip),miss,kidcudi
Hyyerr (Ft. King Chip),tragic,kidcudi
Up Up & Away,feeling,kidcudi
Up Up & Away,worry,kidcudi
Up Up & Away,hell,kidcudi
Up Up & Away,conquer,kidcudi
Up Up & Away,ghost,kidcudi
Man on the Moon,crazy,kidcudi
Man on the Moon,feeling,kidcudi
Man on the Moon,bad,kidcudi
Man on the Moon,dark,kidcudi
Man on the Moon,hurt,kidcudi
T.G.I.F. (Ft. King Chip),detention,kidcudi
T.G.I.F. (Ft. King Chip),lie,kidcudi
T.G.I.F. (Ft. King Chip),lost,kidcudi
Is There Any Love? (Ft. Wale),funk,kidcudi
Is There Any Love? (Ft. Wale),hate,kidcudi
Is There Any Love? (Ft. Wale),leave,kidcudi
Is There Any Love? (Ft. Wale),beast,kidcudi
Is There Any Love? (Ft. Wale),slave,kidcudi
Is There Any Love? (Ft. Wale),evil,kidcudi
Is There Any Love? (Ft. Wale),deprived,kidcudi
Is There Any Love? (Ft. Wale),lynch,kidcudi
Is There Any Love? (Ft. Wale),rip,kidcudi
Is There Any Love? (Ft. Wale),blues,kidcudi
Is There Any Love? (Ft. Wale),war,kidcudi
Is There Any Love? (Ft. Wale),devil,kidcudi
Get Got,blood,deathgrips
Get Got,smash,deathgrips
Get Got,madness,deathgrips
Get Got,losin,deathgrips
Get Got,deprived,deathgrips
Get Got,rot,deathgrips
Get Got,shot,deathgrips
Get Got,sickness,deathgrips
Get Got,cry,deathgrips
Get Got,mental,deathgrips
Get Got,lose,deathgrips
Get Got,lost,deathgrips
Get Got,manic,deathgrips
Get Got,fire,deathgrips
Get Got,ragin,deathgrips
Get Got,sick,deathgrips
The Fever (Aye Aye),suicide,deathgrips
The Fever (Aye Aye),hangin,deathgrips
The Fever (Aye Aye),wastin,deathgrips
The Fever (Aye Aye),fever,deathgrips
The Fever (Aye Aye),execution,deathgrips
The Fever (Aye Aye),witch,deathgrips
The Fever (Aye Aye),losing,deathgrips
The Fever (Aye Aye),rabid,deathgrips
The Fever (Aye Aye),screamin,deathgrips
The Fever (Aye Aye),concussion,deathgrips
The Fever (Aye Aye),fault,deathgrips
The Fever (Aye Aye),plague,deathgrips
The Fever (Aye Aye),devastated,deathgrips
Lost Boys,lost,deathgrips
Lost Boys,blues,deathgrips
Lost Boys,broke,deathgrips
Lost Boys,blood,deathgrips
Lost Boys,rob,deathgrips
Lost Boys,fire,deathgrips
Lost Boys,scar,deathgrips
Lost Boys,pain,deathgrips
Lost Boys,hell,deathgrips
Lost Boys,losin,deathgrips
Lost Boys,shady,deathgrips
Lost Boys,hurt,deathgrips
Lost Boys,beware,deathgrips
Lost Boys,warned,deathgrips
Blackjack,fallin,deathgrips
Blackjack,rob,deathgrips
Blackjack,die,deathgrips
Blackjack,empty,deathgrips
Blackjack,leave,deathgrips
Blackjack,hell,deathgrips
Blackjack,broke,deathgrips
Blackjack,fire,deathgrips
Hustle Bones,death,deathgrips
Hustle Bones,shot,deathgrips
Hustle Bones,bomb,deathgrips
Hustle Bones,feeling,deathgrips
Hustle Bones,rip,deathgrips
Hustle Bones,leave,deathgrips
Hustle Bones,blast,deathgrips
Hustle Bones,blood,deathgrips
Hustle Bones,stained,deathgrips
Hustle Bones,sick,deathgrips
Hustle Bones,darkness,deathgrips
Hustle Bones,lose,deathgrips
Hustle Bones,freaked,deathgrips
Hustle Bones,hell,deathgrips
Hustle Bones,criminal,deathgrips
Hustle Bones,ill,deathgrips
Hustle Bones,thief,deathgrips
I've Seen Footage,shot,deathgrips
I've Seen Footage,hell,deathgrips
I've Seen Footage,ghetto,deathgrips
I've Seen Footage,death,deathgrips
I've Seen Footage,jail,deathgrips
I've Seen Footage,armored,deathgrips
I've Seen Footage,fire,deathgrips
I've Seen Footage,ambulance,deathgrips
I've Seen Footage,kill,deathgrips
I've Seen Footage,crazy,deathgrips
Double Helix,freak,deathgrips
Double Helix,bombin,deathgrips
Double Helix,cutter,deathgrips
Double Helix,blood,deathgrips
Double Helix,feeling,deathgrips
Double Helix,bloody,deathgrips
Double Helix,bleeding,deathgrips
Double Helix,astray,deathgrips
Double Helix,blue,deathgrips
Double Helix,skid,deathgrips
Double Helix,beast,deathgrips
Double Helix,suicide,deathgrips
Double Helix,death,deathgrips
Double Helix,cliff,deathgrips
Double Helix,ghetto,deathgrips
System Blower,kill,deathgrips
System Blower,die,deathgrips
System Blower,murder,deathgrips
System Blower,killing,deathgrips
System Blower,blood,deathgrips
System Blower,bleedin,deathgrips
System Blower,death,deathgrips
System Blower,fiend,deathgrips
System Blower,sick,deathgrips
System Blower,hell,deathgrips
System Blower,shot,deathgrips
System Blower,violence,deathgrips
The Cage,kill,deathgrips
The Cage,hate,deathgrips
The Cage,terrified,deathgrips
The Cage,gun,deathgrips
The Cage,murder,deathgrips
The Cage,bum,deathgrips
The Cage,slayer,deathgrips
The Cage,blood,deathgrips
The Cage,cage,deathgrips
The Cage,thrash,deathgrips
The Cage,shady,deathgrips
The Cage,screamin,deathgrips
Punk Weight,razor,deathgrips
Punk Weight,fire,deathgrips
Punk Weight,lightning,deathgrips
Punk Weight,blood,deathgrips
Punk Weight,nightmare,deathgrips
Punk Weight,leave,deathgrips
Punk Weight,feeling,deathgrips
Punk Weight,death,deathgrips
Punk Weight,ghetto,deathgrips
Punk Weight,war,deathgrips
Punk Weight,guerilla,deathgrips
Punk Weight,mug,deathgrips
Punk Weight,evil,deathgrips
Fuck That,combat,deathgrips
Fuck That,sick,deathgrips
Fuck That,contagion,deathgrips
Fuck That,war,deathgrips
Fuck That,radioactive,deathgrips
Fuck That,broke,deathgrips
Fuck That,bad,deathgrips
Fuck That,murder,deathgrips
Bitch Please,nasty,deathgrips
Bitch Please,razor,deathgrips
Bitch Please,hurt,deathgrips
Bitch Please,kill,deathgrips
Bitch Please,feeling,deathgrips
Bitch Please,gun,deathgrips
Bitch Please,ghost,deathgrips
Bitch Please,hell,deathgrips
Bitch Please,blood,deathgrips
Bitch Please,die,deathgrips
Bitch Please,freak,deathgrips
Bitch Please,darkness,deathgrips
Bitch Please,lash,deathgrips
Bitch Please,shrapnel,deathgrips
Bitch Please,shot,deathgrips
Bitch Please,death,deathgrips
Hacker,spear,deathgrips
Hacker,freak,deathgrips
Hacker,snake,deathgrips
Hacker,grave,deathgrips
Hacker,aggressive,deathgrips
Hacker,warrior,deathgrips
Hacker,disaster,deathgrips
Hacker,bad,deathgrips
Hacker,leave,deathgrips
Hacker,homeless,deathgrips
Hacker,screaming,deathgrips
Hacker,alarm,deathgrips
Flowers & Rope,hurt,princess_red
Flowers & Rope,death,princess_red
Flowers & Rope,lost,princess_red
Flowers & Rope,hate,princess_red
Flowers & Rope,fault,princess_red
Flowers & Rope,feelin,princess_red
Flowers & Rope,sick,princess_red
Flowers & Rope,disturbed,princess_red
Flowers & Rope,regret,princess_red
Your Eyes are Bleeding,lie,princess_red
Your Eyes are Bleeding,ruin,princess_red
Your Eyes are Bleeding,fault,princess_red
Your Eyes are Bleeding,bad,princess_red
Your Eyes are Bleeding,broken,princess_red
Your Eyes are Bleeding,smash,princess_red
Your Eyes are Bleeding,hate,princess_red
Your Eyes are Bleeding,bleeding,princess_red
Your Eyes are Bleeding,sick,princess_red
For the Night,smash,princess_red
For the Night,losin,princess_red
For the Night,breakdown,princess_red
For the Night,fall,princess_red
For the Night,pain,princess_red
For the Night,hate,princess_red
For the Night,crash,princess_red
For the Night,lone,princess_red
For the Night,die,princess_red
Look Up Kid,smash,princess_red
Look Up Kid,bleedin,princess_red
Look Up Kid,darkness,princess_red
Look Up Kid,hell,princess_red
Look Up Kid,scary,princess_red
Look Up Kid,fight,princess_red
Look Up Kid,leave,princess_red
Morphine,smash,princess_red
Morphine,lonely,princess_red
Morphine,console,princess_red
Morphine,sick,princess_red
Morphine,death,princess_red
Morphine,waste,princess_red
At the Top,morgue,princess_red
At the Top,suicide,princess_red
At the Top,sick,princess_red
At the Top,lonely,princess_red
At the Top,beg,princess_red
Little Angel,hell,princess_red
Little Angel,miss,princess_red
Little Angel,regret,princess_red
Together,fight,tripple_trip
Together,lose,tripple_trip
Taking a Walk,die,tripple_trip
Taking a Walk,suicide,tripple_trip
Taking a Walk,coffin,tripple_trip
Wish by Diplo (Ft. Trippie Redd),feeling,tripple_trip
Wish by Diplo (Ft. Trippie Redd),kill,tripple_trip
Wish by Diplo (Ft. Trippie Redd),dragon,tripple_trip
Wish by Diplo (Ft. Trippie Redd),fire,tripple_trip
Wish by Diplo (Ft. Trippie Redd),hell,tripple_trip
Missing My Idols,bomb,tripple_trip
Missing My Idols,extinct,tripple_trip
Missing My Idols,screaming,tripple_trip
Missing My Idols,miss,tripple_trip
Missing My Idols,death,tripple_trip
Missing My Idols,blood,tripple_trip
Missing My Idols,feeling,tripple_trip
Forever Ever (Ft. Reese LAFLARE & Young Thug),murder,tripple_trip
Forever Ever (Ft. Reese LAFLARE & Young Thug),fall,tripple_trip
Forever Ever (Ft. Reese LAFLARE & Young Thug),mad,tripple_trip
Forever Ever (Ft. Reese LAFLARE & Young Thug),hanging,tripple_trip
Forever Ever (Ft. Reese LAFLARE & Young Thug),thug,tripple_trip
Forever Ever (Ft. Reese LAFLARE & Young Thug),feeling,tripple_trip
Forever Ever (Ft. Reese LAFLARE & Young Thug),dinosaur,tripple_trip
Forever Ever (Ft. Reese LAFLARE & Young Thug),sin,tripple_trip
Forever Ever (Ft. Reese LAFLARE & Young Thug),bad,tripple_trip
Bird Shit,leave,tripple_trip
Bird Shit,shitty,tripple_trip
Bird Shit,stress,tripple_trip
Bird Shit,bad,tripple_trip
Bird Shit,mad,tripple_trip
Bird Shit,slaughter,tripple_trip
BANG!,desert,tripple_trip
BANG!,bang,tripple_trip
BANG!,doomed,tripple_trip
BANG!,sad,tripple_trip
BANG!,fall,tripple_trip
How You Feel,feeling,tripple_trip
How You Feel,feelin,tripple_trip
Dark Knight Dummo (Ft. Travis Scott),death,tripple_trip
Dark Knight Dummo (Ft. Travis Scott),feeling,tripple_trip
Dark Knight Dummo (Ft. Travis Scott),havoc,tripple_trip
Dark Knight Dummo (Ft. Travis Scott),ashes,tripple_trip
Dark Knight Dummo (Ft. Travis Scott),casket,tripple_trip
Dark Knight Dummo (Ft. Travis Scott),dragon,tripple_trip
Dark Knight Dummo (Ft. Travis Scott),fall,tripple_trip
Dark Knight Dummo (Ft. Travis Scott),attackin,tripple_trip
Dark Knight Dummo (Ft. Travis Scott),insane,tripple_trip
Dark Knight Dummo (Ft. Travis Scott),disappear,tripple_trip
Dark Knight Dummo (Ft. Travis Scott),drown,tripple_trip
Dark Knight Dummo (Ft. Travis Scott),pain,tripple_trip
Dark Knight Dummo (Ft. Travis Scott),bloody,tripple_trip
UKA UKA,mad,tripple_trip
UKA UKA,hate,tripple_trip
UKA UKA,pressure,tripple_trip
UKA UKA,aftermath,tripple_trip
UKA UKA,bang,tripple_trip
UKA UKA,sad,tripple_trip
UKA UKA,hell,tripple_trip
UKA UKA,mob,tripple_trip
UKA UKA,shoot,tripple_trip
UKA UKA,ill,tripple_trip
Oomp's Revenge,blast,tripple_trip
Oomp's Revenge,mad,tripple_trip
Oomp's Revenge,worried,tripple_trip
Oomp's Revenge,sad,tripple_trip
Oomp's Revenge,leave,tripple_trip
Oomp's Revenge,empty,tripple_trip
Oomp's Revenge,feeling,tripple_trip
Underwater FlyZone,lone,tripple_trip
Underwater FlyZone,cry,tripple_trip
Underwater FlyZone,die,tripple_trip
Underwater FlyZone,fight,tripple_trip
Underwater FlyZone,leave,tripple_trip
Underwater FlyZone,dark,tripple_trip
Muddy Sea,sad,yung_lean
Muddy Sea,kill,yung_lean
Muddy Sea,blood,yung_lean
Muddy Sea,erase,yung_lean
Muddy Sea,horror,yung_lean
Muddy Sea,miss,yung_lean
Muddy Sea,death,yung_lean
Muddy Sea,snakes,yung_lean
Red Bottom Sky,bottomless,yung_lean
Red Bottom Sky,broken,yung_lean
Red Bottom Sky,nervous,yung_lean
Red Bottom Sky,cursed,yung_lean
Red Bottom Sky,broke,yung_lean
Red Bottom Sky,hurtin,yung_lean
Red Bottom Sky,darkness,yung_lean
Red Bottom Sky,shoot,yung_lean
Red Bottom Sky,dark,yung_lean
Red Bottom Sky,lost,yung_lean
Red Bottom Sky,scared,yung_lean
Red Bottom Sky,lose,yung_lean
Red Bottom Sky,paranoid,yung_lean
Red Bottom Sky,violence,yung_lean
Red Bottom Sky,fooled,yung_lean
Skimask,stranger,yung_lean
Skimask,feelin,yung_lean
Skimask,hurt,yung_lean
Skimask,sad,yung_lean
Skimask,leave,yung_lean
Skimask,broken,yung_lean
Skimask,gun,yung_lean
Silver Arrows,die,yung_lean
Silver Arrows,mental,yung_lean
Silver Arrows,psych,yung_lean
Silver Arrows,vengeance,yung_lean
Silver Arrows,fall,yung_lean
Silver Arrows,fire,yung_lean
Metallic Intuition,leave,yung_lean
Metallic Intuition,fall,yung_lean
Metallic Intuition,death,yung_lean
Metallic Intuition,feeling,yung_lean
Metallic Intuition,empty,yung_lean
Metallic Intuition,wrath,yung_lean
Metallic Intuition,spaz,yung_lean
Metallic Intuition,damage,yung_lean
Push / Lost Weekend,blue,yung_lean
Push / Lost Weekend,empty,yung_lean
Push / Lost Weekend,lost,yung_lean
Push / Lost Weekend,lightning,yung_lean
Salute / Pacman,sad,yung_lean
Salute / Pacman,bang,yung_lean
Salute / Pacman,paranoia,yung_lean
Salute / Pacman,feelin,yung_lean
Salute / Pacman,war,yung_lean
Salute / Pacman,blue,yung_lean
Drop It / Scooter,hangin,yung_lean
Drop It / Scooter,feeling,yung_lean
Drop It / Scooter,lost,yung_lean
Drop It / Scooter,fallin,yung_lean
Drop It / Scooter,dark,yung_lean
Hunting My Own Skin,huntin,yung_lean
Hunting My Own Skin,die,yung_lean
Hunting My Own Skin,smash,yung_lean
Hunting My Own Skin,fire,yung_lean
Hunting My Own Skin,snakes,yung_lean
Hunting My Own Skin,desert,yung_lean
Hunting My Own Skin,bad,yung_lean
Hunting My Own Skin,sin,yung_lean
Hunting My Own Skin,stranger,yung_lean
Iceman,fallin,yung_lean
Iceman,trippin,yung_lean
Snakeskin / Bullets,desert,yung_lean
Snakeskin / Bullets,snakes,yung_lean
Fallen Demon,feeling,yung_lean
Fallen Demon,sick,yung_lean
Fallen Demon,hurt,yung_lean
Fallen Demon,grave,yung_lean
Fallen Demon,dungeon,yung_lean
Fallen Demon,wicked,yung_lean
Fallen Demon,fire,yung_lean
Fallen Demon,hell,yung_lean
Fallen Demon,lose,yung_lean
Fallen Demon,hate,yung_lean
Fallen Demon,violence,yung_lean
Fallen Demon,snakes,yung_lean
Fallen Demon,lie,yung_lean
Fallen Demon,falling,yung_lean
Fallen Demon,demon,yung_lean
Fallen Demon,alligator,yung_lean
Agony,dragon,yung_lean
Agony,agony,yung_lean
Agony,afraid,yung_lean
Agony,lose,yung_lean
Agony,isolation,yung_lean
Agony,fright,yung_lean
Yellowman,stranger,yung_lean
​houdini,die,nothing_reaper
​houdini,isolation,nothing_reaper
​houdini,lonely,nothing_reaper
​houdini,waste,nothing_reaper
​houdini,feeling,nothing_reaper
​houdini,pacing,nothing_reaper
​houdini,losing,nothing_reaper
​houdini,hate,nothing_reaper
​houdini,cutting,nothing_reaper
​houdini,lie,nothing_reaper
​houdini,sick,nothing_reaper
​houdini,disappear,nothing_reaper
​houdini,pain,nothing_reaper
​clarity in kerosene,kerosene,nothing_reaper
​clarity in kerosene,death,nothing_reaper
​clarity in kerosene,hate,nothing_reaper
​clarity in kerosene,choke,nothing_reaper
​clarity in kerosene,losing,nothing_reaper
​funeral fantasy,leave,nothing_reaper
​funeral fantasy,feeling,nothing_reaper
​funeral fantasy,pain,nothing_reaper
​funeral fantasy,hate,nothing_reaper
​funeral fantasy,died,nothing_reaper
​funeral fantasy,cry,nothing_reaper
​funeral fantasy,weep,nothing_reaper
​funeral fantasy,funeral,nothing_reaper
REM (Ft. Lil West),sick,nothing_reaper
REM (Ft. Lil West),feeling,nothing_reaper
REM (Ft. Lil West),fall,nothing_reaper
REM (Ft. Lil West),ashamed,nothing_reaper
REM (Ft. Lil West),regret,nothing_reaper
REM (Ft. Lil West),lost,nothing_reaper
​black heart,feeling,nothing_reaper
​black heart,lie,nothing_reaper
​black heart,resentment,nothing_reaper
​black heart,rot,nothing_reaper
​black heart,leave,nothing_reaper
​black heart,blood,nothing_reaper
​black heart,hate,nothing_reaper
​black heart,losing,nothing_reaper
​black heart,insane,nothing_reaper
​black heart,cutting,nothing_reaper
​marykate,nightmare,nothing_reaper
​marykate,fault,nothing_reaper
​marykate,grave,nothing_reaper
​marykate,feeling,nothing_reaper
​hopes up (Ft. Dashboard Confessional),pain,nothing_reaper
​hopes up (Ft. Dashboard Confessional),falling,nothing_reaper
​hopes up (Ft. Dashboard Confessional),fall,nothing_reaper
​hopes up (Ft. Dashboard Confessional),leave,nothing_reaper
​hopes up (Ft. Dashboard Confessional),waste,nothing_reaper
​hopes up (Ft. Dashboard Confessional),feeling,nothing_reaper
​skully,leave,nothing_reaper
​skully,die,nothing_reaper
​skully,killing,nothing_reaper
​skully,feeling,nothing_reaper
​skully,cry,nothing_reaper
​skully,grave,nothing_reaper
​skully,dark,nothing_reaper
​skully,sick,nothing_reaper
​skully,sinking,nothing_reaper
​nevermore,sore,nothing_reaper
​nevermore,feeling,nothing_reaper
​nevermore,complain,nothing_reaper
​nevermore,losing,nothing_reaper
​outsider,bad,nothing_ruiner
​outsider,feeling,nothing_ruiner
​outsider,loneliness,nothing_ruiner
​outsider,outsider,nothing_ruiner
​reminiscer,hurt,nothing_ruiner
​reminiscer,fall,nothing_ruiner
​reminiscer,worse,nothing_ruiner
​reminiscer,missing,nothing_ruiner
​reminiscer,sick,nothing_ruiner
​reminiscer,feeling,nothing_ruiner
​better,losing,nothing_ruiner
​better,pathetic,nothing_ruiner
​better,miss,nothing_ruiner
​better,feeling,nothing_ruiner
​better,worse,nothing_ruiner
​​sinker,fault,nothing_ruiner
​​sinker,feeling,nothing_ruiner
​​sinker,jealousy,nothing_ruiner
​​sinker,hatred,nothing_ruiner
​​sinker,miss,nothing_ruiner
​hammer,doubt,nothing_ruiner
​hammer,feelin,nothing_ruiner
​hammer,delirious,nothing_ruiner
​hammer,feeling,nothing_ruiner
​hammer,hate,nothing_ruiner
​hammer,phantom,nothing_ruiner
​hammer,bang,nothing_ruiner
​hammer,dyin,nothing_ruiner
​rejecter,falling,nothing_ruiner
​rejecter,reject,nothing_ruiner
​rejecter,pain,nothing_ruiner
​rejecter,feeling,nothing_ruiner
​rejecter,lost,nothing_ruiner
​rejecter,suffocating,nothing_ruiner
​rejecter,hiding,nothing_ruiner
​ruiner,sick,nothing_ruiner
​ruiner,sad,nothing_ruiner
​ruiner,feeling,nothing_ruiner
​ruiner,leave,nothing_ruiner
​ruiner,pressure,nothing_ruiner
​ruiner,stressed,nothing_ruiner
​ruiner,suicidal,nothing_ruiner
​ruiner,death,nothing_ruiner
​ruiner,broke,nothing_ruiner
​ruiner,crying,nothing_ruiner
​ruiner,lost,nothing_ruiner
​ruiner,missing,nothing_ruiner
​ruiner,mental,nothing_ruiner
​ruiner,prison,nothing_ruiner
​ruiner,pain,nothing_ruiner
​ruiner,dark,nothing_ruiner
​ruiner,escape,nothing_ruiner
​sayer,miss,nothing_ruiner
​sayer,hurt,nothing_ruiner
​sayer,regret,nothing_ruiner
​sayer,lie,nothing_ruiner
​sayer,sucks,nothing_ruiner
​sayer,feeling,nothing_ruiner
​vacanter,feeling,nothing_ruiner
​vacanter,wasting,nothing_ruiner
​vacanter,mad,nothing_ruiner
​vacanter,insane,nothing_ruiner
​vacanter,hell,nothing_ruiner
​vacanter,panic,nothing_ruiner
​vacanter,attack,nothing_ruiner
​changer,pressure,nothing_ruiner
​changer,feeling,nothing_ruiner
​changer,miss,nothing_ruiner
​changer,die,nothing_ruiner
​waster,wasting,nothing_ruiner
​waster,shaking,nothing_ruiner
​waster,feeling,nothing_ruiner
Who I Am,trippin,lilxan
Who I Am,miss,lilxan
Who I Am,died,lilxan
Who I Am,broke,lilxan
Who I Am,hate,lilxan
Who I Am,leave,lilxan
Who I Am,bang,lilxan
Who I Am,snake,lilxan
Who I Am,fight,lilxan
Who I Am,kill,lilxan
Wake Up,feeling,lilxan
Wake Up,death,lilxan
Tick Tock (Ft. 2 Chainz),contraband,lilxan
Diamonds,shoot,lilxan
Diamonds,kill,lilxan
Diamonds,bomb,lilxan
Diamonds,sick,lilxan
The Man (Ft. $teven Cannon),hate,lilxan
The Man (Ft. $teven Cannon),bang,lilxan
The Man (Ft. $teven Cannon),pain,lilxan
Saved By The Bell,detention,lilxan
Saved By The Bell,crash,lilxan
Saved By The Bell,laggin,lilxan
Moonlight (Ft. Charli XCX),risk,lilxan
Moonlight (Ft. Charli XCX),feelin,lilxan
Moonlight (Ft. Charli XCX),evil,lilxan
Moonlight (Ft. Charli XCX),crash,lilxan
Moonlight (Ft. Charli XCX),broke,lilxan
Moonlight (Ft. Charli XCX),robbery,lilxan
Moonlight (Ft. Charli XCX),rip,lilxan
Moonlight (Ft. Charli XCX),dark,lilxan
Moonlight (Ft. Charli XCX),lose,lilxan
Moonlight (Ft. Charli XCX),fall,lilxan
Shine Hard (Ft. Rae Sremmurd),hate,lilxan
Shine Hard (Ft. Rae Sremmurd),crazy,lilxan
Shine Hard (Ft. Rae Sremmurd),screamin,lilxan
Shine Hard (Ft. Rae Sremmurd),heartbreak,lilxan
Shine Hard (Ft. Rae Sremmurd),devil,lilxan
Shine Hard (Ft. Rae Sremmurd),grave,lilxan
Shine Hard (Ft. Rae Sremmurd),fangs,lilxan
Shine Hard (Ft. Rae Sremmurd),feelin,lilxan
Round Here (Ft. YG),rat,lilxan
Round Here (Ft. YG),gun,lilxan
Round Here (Ft. YG),penal,lilxan
Round Here (Ft. YG),shame,lilxan
Basically,missin,lilxan
Deceived,dark,lilxan
Deceived,ache,lilxan
Deceived,bad,lilxan
Deceived,bleak,lilxan
Deceived,gloomy,lilxan
Deceived,villain,lilxan
Deceived,snakes,lilxan
Deceived,insane,lilxan
Deceived,crazy,lilxan
Betrayed,enemy,lilxan
Betrayed,death,lilxan
Betrayed,hate,lilxan
Betrayed,betray,lilxan
Betrayed,miss,lilxan
Betrayed,evil,lilxan
Far,lost,lilxan
Far,broke,lilxan
Far,heartbreak,lilxan
Far,militia,lilxan
Far,evil,lilxan
Color Blind by Diplo (Ft. Lil Xan),stripped,lilxan
Color Blind by Diplo (Ft. Lil Xan),fall,lilxan
Color Blind by Diplo (Ft. Lil Xan),pain,lilxan
Color Blind by Diplo (Ft. Lil Xan),heartless,lilxan
Color Blind by Diplo (Ft. Lil Xan),feelin,lilxan
Color Blind by Diplo (Ft. Lil Xan),feeling,lilxan
Betrayed (Remix) (Ft. Rich The Kid & Yo Gotti),upset,lilxan
Betrayed (Remix) (Ft. Rich The Kid & Yo Gotti),hate,lilxan
Betrayed (Remix) (Ft. Rich The Kid & Yo Gotti),broke,lilxan
Betrayed (Remix) (Ft. Rich The Kid & Yo Gotti),fall,lilxan
Betrayed (Remix) (Ft. Rich The Kid & Yo Gotti),betrayed,lilxan
Betrayed (Remix) (Ft. Rich The Kid & Yo Gotti),betray,lilxan
Betrayed (Remix) (Ft. Rich The Kid & Yo Gotti),evil,lilxan
Betrayed (Remix) (Ft. Rich The Kid & Yo Gotti),bleedin,lilxan
Betrayed (Remix) (Ft. Rich The Kid & Yo Gotti),heartbreak,lilxan
Betrayed (Remix) (Ft. Rich The Kid & Yo Gotti),die,lilxan
Betrayed (Remix) (Ft. Rich The Kid & Yo Gotti),miss,lilxan
Betrayed (Remix) (Ft. Rich The Kid & Yo Gotti),death,lilxan
Bitch I'm Nasty,nasty,rico nasty
Bitch I'm Nasty,hate,rico nasty
Bitch I'm Nasty,mad,rico nasty
Bitch I'm Nasty,screamin,rico nasty
Bitch I'm Nasty,shoot,rico nasty
Countin' Up,dark,rico nasty
Trust Issues,sick,rico nasty
Trust Issues,broke,rico nasty
Trust Issues,crazy,rico nasty
Trust Issues,mental,rico nasty
Trust Issues,stab,rico nasty
Trust Issues,bad,rico nasty
Trust Issues,crash,rico nasty
In the Air (Ft. BlocBoy JB),crazy,rico nasty
In the Air (Ft. BlocBoy JB),shooter,rico nasty
In the Air (Ft. BlocBoy JB),trippin,rico nasty
In the Air (Ft. BlocBoy JB),missin,rico nasty
In the Air (Ft. BlocBoy JB),grizzly,rico nasty
In the Air (Ft. BlocBoy JB),bear,rico nasty
In the Air (Ft. BlocBoy JB),rob,rico nasty
Pressing Me,stressin,rico nasty
Pressing Me,mad,rico nasty
Pressing Me,shoot,rico nasty
Pressing Me,shot,rico nasty
Ice Cream,screamin,rico nasty
Ice Cream,crazy,rico nasty
Ice Cream,monster,rico nasty
Ice Cream,sucks,rico nasty
Ice Cream,denied,rico nasty
Ice Cream,broke,rico nasty
Ice Cream,mad,rico nasty
Oreo,losin,rico nasty
Oreo,mad,rico nasty
Oreo,feeling,rico nasty
Oreo,hate,rico nasty
Oreo,bad,rico nasty
Hockey,hate,rico nasty
Hockey,bummer,rico nasty
Hockey,lost,rico nasty
Won't Change,feelin,rico nasty
Won't Change,feeling,rico nasty
Won't Change,alien,rico nasty
Won't Change,parachute,rico nasty
Won't Change,hate,rico nasty
Won't Change,worry,rico nasty
Won't Change,crime,rico nasty
Won't Change,sick,rico nasty
Won't Change,contagious,rico nasty
Life Back,bad,rico nasty
Life Back,missin,rico nasty
Transformer (Ft. Lil Gnar),bad,rico nasty
Transformer (Ft. Lil Gnar),fire,rico nasty
Why Oh Why,waste,rico nasty
Why Oh Why,feelin,rico nasty
Why Oh Why,mad,rico nasty
Why Oh Why,upset,rico nasty
Rage,steal,rico nasty
Rage,bad,rico nasty
Rage,ragin,rico nasty
Rage,rat,rico nasty
Rage,bleedin,rico nasty
Lala,cry,rico nasty
Lala,mad,rico nasty
Family Don't Matter (Ft. Millie Go Lightly),bad,young thug
Family Don't Matter (Ft. Millie Go Lightly),gun,young thug
Family Don't Matter (Ft. Millie Go Lightly),kill,young thug
Family Don't Matter (Ft. Millie Go Lightly),ghost,young thug
Family Don't Matter (Ft. Millie Go Lightly),killin,young thug
Family Don't Matter (Ft. Millie Go Lightly),panic,young thug
Family Don't Matter (Ft. Millie Go Lightly),stroke,young thug
Family Don't Matter (Ft. Millie Go Lightly),bum,young thug
Family Don't Matter (Ft. Millie Go Lightly),thug,young thug
Family Don't Matter (Ft. Millie Go Lightly),feelin,young thug
Family Don't Matter (Ft. Millie Go Lightly),fallin,young thug
Family Don't Matter (Ft. Millie Go Lightly),nightmares,young thug
Family Don't Matter (Ft. Millie Go Lightly),drown,young thug
Tomorrow 'Til Infinity (Ft. Gunna),bad,young thug
Tomorrow 'Til Infinity (Ft. Gunna),pity,young thug
Tomorrow 'Til Infinity (Ft. Gunna),die,young thug
Tomorrow 'Til Infinity (Ft. Gunna),stab,young thug
She Wanna Party (Ft. Millie Go Lightly),dentist,young thug
She Wanna Party (Ft. Millie Go Lightly),death,young thug
She Wanna Party (Ft. Millie Go Lightly),coffin,young thug
She Wanna Party (Ft. Millie Go Lightly),hate,young thug
She Wanna Party (Ft. Millie Go Lightly),beatin,young thug
She Wanna Party (Ft. Millie Go Lightly),die,young thug
She Wanna Party (Ft. Millie Go Lightly),wan,young thug
She Wanna Party (Ft. Millie Go Lightly),feeling,young thug
She Wanna Party (Ft. Millie Go Lightly),kill,young thug
Daddy's Birthday,feeling,young thug
Daddy's Birthday,cruelty,young thug
Daddy's Birthday,spaz,young thug
Daddy's Birthday,snake,young thug
Daddy's Birthday,kerosene,young thug
Daddy's Birthday,kill,young thug
Do U Love Me?,fall,young thug
Do U Love Me?,cage,young thug
Do U Love Me?,bomb,young thug
Do U Love Me?,grenade,young thug
Do U Love Me?,broke,young thug
Relationship (Ft. Future),bad,young thug
Relationship (Ft. Future),crazy,young thug
Relationship (Ft. Future),thug,young thug
Relationship (Ft. Future),killing,young thug
Relationship (Ft. Future),hidin,young thug
You Said (Ft. Quavo),death,young thug
You Said (Ft. Quavo),feeling,young thug
You Said (Ft. Quavo),jail,young thug
You Said (Ft. Quavo),leave,young thug
You Said (Ft. Quavo),regret,young thug
You Said (Ft. Quavo),explode,young thug
You Said (Ft. Quavo),gulp,young thug
You Said (Ft. Quavo),rat,young thug
On Fire,mad,young thug
On Fire,shot,young thug
On Fire,fire,young thug
On Fire,leave,young thug
On Fire,ashes,young thug
On Fire,lost,young thug
On Fire,bloody,young thug
On Fire,murder,young thug
On Fire,killin,young thug
On Fire,sue,young thug
On Fire,cruel,young thug
Get High (Ft. Lil Durk & Snoop Dogg),bad,young thug
Get High (Ft. Lil Durk & Snoop Dogg),psych,young thug
Get High (Ft. Lil Durk & Snoop Dogg),missing,young thug
Get High (Ft. Lil Durk & Snoop Dogg),aftermath,young thug
Get High (Ft. Lil Durk & Snoop Dogg),risk,young thug
Get High (Ft. Lil Durk & Snoop Dogg),shoot,young thug
Get High (Ft. Lil Durk & Snoop Dogg),kill,young thug
Get High (Ft. Lil Durk & Snoop Dogg),thug,young thug
Get High (Ft. Lil Durk & Snoop Dogg),blue,young thug
Feel It,feeling,young thug
Feel It,kill,young thug
Feel It,tear,young thug
Feel It,jail,young thug
Feel It,shoot,young thug
Feel It,murder,young thug
Feel It,wan,young thug
Feel It,smash,young thug
Feel It,war,young thug
Oh Yeah (BTG),bad,young thug
Oh Yeah (BTG),leave,young thug
Oh Yeah (BTG),cursed,young thug
Oh Yeah (BTG),hurt,young thug
For Y'all (Ft. Jacquees),hatred,young thug
For Y'all (Ft. Jacquees),feeling,young thug
For Y'all (Ft. Jacquees),blue,young thug
For Y'all (Ft. Jacquees),crazy,young thug
For Y'all (Ft. Jacquees),miss,young thug
For Y'all (Ft. Jacquees),upset,young thug
For Y'all (Ft. Jacquees),sneakin,young thug
For Y'all (Ft. Jacquees),screamin,young thug
For Y'all (Ft. Jacquees),risk,young thug
Take Care,missin,young thug
Take Care,leave,young thug
Take Care,fire,young thug
Take Care,lose,young thug
Take Care,rebel,young thug
Take Care,owin,young thug
Take Care,war,young thug
Take Care,broke,young thug
Take Care,madness,young thug
Take Care,panic,young thug
The End.,tragic,black_parade
The End.,despair,black_parade
The End.,goodbye,black_parade
The End.,cry,black_parade
The End.,funeral,black_parade
The End.,resignation,black_parade
The End.,hell,black_parade
The End.,die,black_parade
Dead!,beating,black_parade
Dead!,death,black_parade
Dead!,hospital,black_parade
Dead!,squeamish,black_parade
Dead!,fell,black_parade
This Is How I Disappear,blood,black_parade
This Is How I Disappear,dark,black_parade
This Is How I Disappear,disappear,black_parade
This Is How I Disappear,death,black_parade
This Is How I Disappear,cry,black_parade
This Is How I Disappear,choke,black_parade
This Is How I Disappear,ghost,black_parade
This Is How I Disappear,hurt,black_parade
The Sharpest Lives,crash,black_parade
The Sharpest Lives,leave,black_parade
The Sharpest Lives,beast,black_parade
The Sharpest Lives,poison,black_parade
The Sharpest Lives,shot,black_parade
The Sharpest Lives,pain,black_parade
The Sharpest Lives,surrender,black_parade
The Sharpest Lives,ashamed,black_parade
The Sharpest Lives,abandoned,black_parade
The Sharpest Lives,dark,black_parade
The Sharpest Lives,cannibal,black_parade
The Sharpest Lives,dagger,black_parade
The Sharpest Lives,blood,black_parade
Welcome to the Black Parade,broken,black_parade
Welcome to the Black Parade,leave,black_parade
Welcome to the Black Parade,phantom,black_parade
Welcome to the Black Parade,feeling,black_parade
Welcome to the Black Parade,fall,black_parade
Welcome to the Black Parade,death,black_parade
Welcome to the Black Parade,misery,black_parade
Welcome to the Black Parade,hate,black_parade
Welcome to the Black Parade,kill,black_parade
Welcome to the Black Parade,defeated,black_parade
Welcome to the Black Parade,weary,black_parade
Welcome to the Black Parade,widow,black_parade
Welcome to the Black Parade,fears,black_parade
Welcome to the Black Parade,disappointed,black_parade
Welcome to the Black Parade,die,black_parade
I Don't Love You,cry,black_parade
I Don't Love You,sick,black_parade
I Don't Love You,beating,black_parade
I Don't Love You,blood,black_parade
House of Wolves,hell,black_parade
House of Wolves,grave,black_parade
House of Wolves,bad,black_parade
House of Wolves,ambulance,black_parade
House of Wolves,ashes,black_parade
House of Wolves,fall,black_parade
House of Wolves,devil,black_parade
House of Wolves,leave,black_parade
House of Wolves,blood,black_parade
Cancer,bury,black_parade
Cancer,awful,black_parade
Cancer,abandoned,black_parade
Cancer,agony,black_parade
Mama,hell,black_parade
Mama,die,black_parade
Mama,hate,black_parade
Mama,cry,black_parade
Mama,coffin,black_parade
Mama,war,black_parade
Mama,infection,black_parade
Mama,gun,black_parade
Mama,fall,black_parade
Mama,ashes,black_parade
Sleep,worse,black_parade
Sleep,madman,black_parade
Sleep,sympathy,black_parade
Sleep,cry,black_parade
Sleep,feeling,black_parade
Sleep,bad,black_parade
Sleep,goodbye,black_parade
Sleep,horror,black_parade
Sleep,tyranny,black_parade
Sleep,awful,black_parade
Sleep,dying,black_parade
Teenagers,gun,black_parade
Teenagers,rip,black_parade
Teenagers,murder,black_parade
Teenagers,scare,black_parade
Teenagers,darken,black_parade
Teenagers,violent,black_parade
Teenagers,leave,black_parade
Teenagers,awful,black_parade
Teenagers,hurt,black_parade
Disenchanted,hate,black_parade
Disenchanted,heartache,black_parade
Disenchanted,lie,black_parade
Disenchanted,feeling,black_parade
Disenchanted,sting,black_parade
Disenchanted,sad,black_parade
Disenchanted,hospital,black_parade
Disenchanted,guillotine,black_parade
Famous Last Words,afraid,black_parade
Famous Last Words,death,black_parade
Blood (Hidden Track),blood,black_parade
Blood (Hidden Track),flood,black_parade
Blood (Hidden Track),alarming,black_parade
Blood (Hidden Track),awful,black_parade
Kill All Your Friends,coffin,black_parade
Kill All Your Friends,tragic,black_parade
Kill All Your Friends,funeral,black_parade
Kill All Your Friends,bury,black_parade
Kill All Your Friends,die,black_parade
Kill All Your Friends,feeling,black_parade
Kill All Your Friends,killing,black_parade
Kill All Your Friends,drown,black_parade
Heaven Help Us,screaming,black_parade
Heaven Help Us,bleeding,black_parade
Heaven Help Us,falling,black_parade
Heaven Help Us,blood,black_parade
Heaven Help Us,misery,black_parade
My Way Home Is Through You,tear,black_parade
My Way Home Is Through You,rifle,black_parade
My Way Home Is Through You,crime,black_parade
My Way Home Is Through You,grave,black_parade
My Way Home Is Through You,gun,black_parade
My Way Home Is Through You,leave,black_parade
My Way Home Is Through You,government,black_parade
My Way Home Is Through You,suicide,black_parade
My Way Home Is Through You,cry,black_parade
Set Phasers to Stun,mistake,where_you
Set Phasers to Stun,blue,where_you
Bonus Mosh Pt. II,scream,where_you
Bonus Mosh Pt. II,feeling,where_you
Bonus Mosh Pt. II,hurt,where_you
Bonus Mosh Pt. II,leave,where_you
A Decade Under the Influence,sad,where_you
A Decade Under the Influence,dying,where_you
A Decade Under the Influence,bad,where_you
A Decade Under the Influence,feeling,where_you
A Decade Under the Influence,hell,where_you
A Decade Under the Influence,nervous,where_you
A Decade Under the Influence,wreck,where_you
This Photograph Is Proof (I Know You Know),feeling,where_you
This Photograph Is Proof (I Know You Know),bad,where_you
This Photograph Is Proof (I Know You Know),leave,where_you
This Photograph Is Proof (I Know You Know),impossible,where_you
The Union,sinner,where_you
The Union,kill,where_you
New American Classic,doubt,where_you
I Am Fred Astaire,upset,where_you
I Am Fred Astaire,scream,where_you
I Am Fred Astaire,resentment,where_you
I Am Fred Astaire,fire,where_you
I Am Fred Astaire,disease,where_you
I Am Fred Astaire,nightmare,where_you
One-Eighty by Summer,bad,where_you
One-Eighty by Summer,defenseless,where_you
One-Eighty by Summer,afraid,where_you
One-Eighty by Summer,damage,where_you
One-Eighty by Summer,ashamed,where_you
One-Eighty by Summer,pointless,where_you
Number Five with a Bullet,die,where_you
Number Five with a Bullet,miserable,where_you
Number Five with a Bullet,fall,where_you
Number Five with a Bullet,miss,where_you
Little Devotional,blue,where_you
Little Devotional,dark,where_you
Little Devotional,devastating,where_you
...Slowdance on the Inside,reckless,where_you
...Slowdance on the Inside,heartless,where_you
...Slowdance on the Inside,fight,where_you
...Slowdance on the Inside,scream,where_you
Your Own Disaster,lie,where_you
Your Own Disaster,missing,where_you
